pickup_hour,temporal_residual_demand,subway_ridership,taxi_trip_count
2024-04-08 00:00:00,-659.066878050267,15831,1072.0
2024-04-08 01:00:00,-380.8213224843678,6818,469.0
2024-04-08 02:00:00,-301.48303023776066,4748,264.0
2024-04-08 03:00:00,-183.90378520428078,5926,212.0
2024-04-08 04:00:00,44.09046620856191,17385,436.0
2024-04-08 05:00:00,159.8167462793383,63612,818.0
2024-04-08 06:00:00,327.54790234205984,145270,1990.0
2024-04-08 07:00:00,700.9445675194902,289225,3966.0
2024-04-08 08:00:00,315.3257525823328,333505,4983.0
2024-04-08 09:00:00,-183.83945699065407,203598,4711.0
2024-04-08 10:00:00,10.639149037118841,141283,4728.0
2024-04-08 11:00:00,-76.49349969147806,129310,4975.0
2024-04-08 12:00:00,-44.95566032948318,146886,5423.0
2024-04-08 13:00:00,212.24074880111402,170764,5867.0
2024-04-08 14:00:00,211.2423080844119,196723,6538.0
2024-04-08 15:00:00,-427.20687827552774,233633,6065.0
2024-04-08 16:00:00,124.09493914833729,282014,5969.0
2024-04-08 17:00:00,147.65428401879672,333021,6637.0
2024-04-08 18:00:00,834.2012143481707,256995,7562.0
2024-04-08 19:00:00,-584.0452848518898,153566,5634.0
2024-04-08 20:00:00,1197.212968891903,116048,5931.0
2024-04-08 21:00:00,-710.0934068496235,81959,5491.0
2024-04-08 22:00:00,176.03575610964162,65138,4687.0
2024-04-08 23:00:00,29.28216901552878,24282,2817.0
2024-04-09 00:00:00,147.45514966207566,19796,1288.0
2024-04-09 01:00:00,220.8213401890485,7586,566.0
2024-04-09 02:00:00,19.334963201080598,4934,234.0
2024-04-09 03:00:00,67.6390569473752,6171,184.0
2024-04-09 04:00:00,-105.78038426005543,17932,222.0
2024-04-09 05:00:00,112.1477977856041,66340,725.0
2024-04-09 06:00:00,-211.34721470149248,154757,1791.0
2024-04-09 07:00:00,276.34779549210225,320843,4109.0
2024-04-09 08:00:00,-170.87325423790753,401403,5542.0
2024-04-09 09:00:00,-354.6317655419334,247294,5567.0
2024-04-09 10:00:00,-214.0307558596969,156968,5447.0
2024-04-09 11:00:00,-213.47829822799758,139006,5531.0
2024-04-09 12:00:00,-66.33547805324906,148067,6096.0
2024-04-09 13:00:00,-244.14700374371296,167288,6337.0
2024-04-09 14:00:00,-231.1299352912265,210731,6862.0
2024-04-09 15:00:00,-360.66711311043036,269152,6863.0
2024-04-09 16:00:00,-59.58511972784527,319099,7019.0
2024-04-09 17:00:00,-77.29912198544116,408643,8016.0
2024-04-09 18:00:00,45.25617841996245,307463,8891.0
2024-04-09 19:00:00,52.98968005846018,191596,7965.0
2024-04-09 20:00:00,785.9568827953772,136627,8334.0
2024-04-09 21:00:00,374.6970903390338,112489,9108.0
2024-04-09 22:00:00,113.17339482189709,88779,8233.0
2024-04-09 23:00:00,187.41537276413328,24757,5688.0
2024-04-10 00:00:00,-730.4653187519125,23599,2171.0
2024-04-10 01:00:00,448.57662506193975,9025,755.0
2024-04-10 02:00:00,249.56375680218588,5556,341.0
2024-04-10 03:00:00,87.84815112021766,6376,198.0
2024-04-10 04:00:00,127.2180127115218,17464,329.0
2024-04-10 05:00:00,73.6673845763828,63074,724.0
2024-04-10 06:00:00,160.65720713304358,136196,2090.0
2024-04-10 07:00:00,-333.9917072442631,251536,3806.0
2024-04-10 08:00:00,-535.1705683371292,356425,4886.0
2024-04-10 09:00:00,-358.01925477118675,242032,5191.0
2024-04-10 10:00:00,-234.21403278810885,159723,5354.0
2024-04-10 11:00:00,-111.54534381117992,145544,5736.0
2024-04-10 12:00:00,-137.3022837503404,155642,6221.0
2024-04-10 13:00:00,-70.5719719924391,167025,6433.0
2024-04-10 14:00:00,-324.06032146503094,188610,6600.0
2024-04-10 15:00:00,-215.29157548017793,234894,6742.0
2024-04-10 16:00:00,-46.3157732219679,297243,7235.0
2024-04-10 17:00:00,-88.73812748192904,387279,8591.0
2024-04-10 18:00:00,100.59486838356861,295937,9704.0
2024-04-10 19:00:00,-542.4122616294935,183667,8352.0
2024-04-10 20:00:00,481.70650405434753,133473,8529.0
2024-04-10 21:00:00,-1090.4278037714903,108974,8239.0
2024-04-10 22:00:00,-127.94735578035761,94571,7658.0
2024-04-10 23:00:00,146.63622405223668,46618,5930.0
2024-04-11 00:00:00,-308.1478231107626,22677,3192.0
2024-04-11 01:00:00,-215.02490218196954,8723,1138.0
2024-04-11 02:00:00,270.95418014678125,5271,540.0
2024-04-11 03:00:00,105.6047840836286,6345,360.0
2024-04-11 04:00:00,183.1723321959813,17918,578.0
2024-04-11 05:00:00,119.28805382973405,65341,1046.0
2024-04-11 06:00:00,210.20492288225523,150197,2467.0
2024-04-11 07:00:00,715.8216331842978,311066,5088.0
2024-04-11 08:00:00,93.55743345907467,392744,6534.0
2024-04-11 09:00:00,-646.3900290365709,250343,6040.0
2024-04-11 10:00:00,-311.4596841128914,159722,5549.0
2024-04-11 11:00:00,-8.198608435741335,141817,5761.0
2024-04-11 12:00:00,-194.50563988117028,149380,6082.0
2024-04-11 13:00:00,-292.611950852026,167671,6122.0
2024-04-11 14:00:00,347.5668094367411,210857,7026.0
2024-04-11 15:00:00,962.3471947254784,278263,8263.0
2024-04-11 16:00:00,-475.72633551065155,316640,7919.0
2024-04-11 17:00:00,1563.3011875989214,403120,10149.0
2024-04-11 18:00:00,138.41376836624113,301411,10926.0
2024-04-11 19:00:00,1307.1956606665663,189903,10871.0
2024-04-11 20:00:00,-181.8000832143407,131558,10013.0
2024-04-11 21:00:00,261.66908455518933,106521,10263.0
2024-04-11 22:00:00,25.839315792225534,84810,9505.0
2024-04-11 23:00:00,-177.09992743385374,49486,7208.0
2024-04-12 00:00:00,153.74820229774105,28831,4669.0
2024-04-12 01:00:00,-332.5190194578372,10059,2135.0
2024-04-12 02:00:00,210.1295210625767,6146,940.0
2024-04-12 03:00:00,239.73405308692116,6440,526.0
2024-04-12 04:00:00,313.7528308336065,17244,716.0
2024-04-12 05:00:00,77.94322877309355,61343,1020.0
2024-04-12 06:00:00,142.48929157474436,137062,2175.0
2024-04-12 07:00:00,-24.712431590339747,265979,3929.0
2024-04-12 08:00:00,-342.0958547268401,290580,4882.0
2024-04-12 09:00:00,-480.6632663958462,194750,4735.0
2024-04-12 10:00:00,-50.290265171352985,145173,4959.0
2024-04-12 11:00:00,110.0460246560333,140511,5634.0
2024-04-12 12:00:00,564.9497815422274,157130,6830.0
2024-04-12 13:00:00,87.35867363946363,175795,7104.0
2024-04-12 14:00:00,-637.2265982686104,220036,6796.0
2024-04-12 15:00:00,284.95810518695,269810,7242.0
2024-04-12 16:00:00,-386.0308800691337,292147,7090.0
2024-04-12 17:00:00,-347.73086230223,314033,7799.0
2024-04-12 18:00:00,-392.696854235568,253703,8314.0
2024-04-12 19:00:00,-71.20688057425377,186068,7956.0
2024-04-12 20:00:00,-1278.8984848630598,137463,6741.0
2024-04-12 21:00:00,-1023.0402499582251,110914,6467.0
2024-04-12 22:00:00,629.7757753335891,104410,7447.0
2024-04-12 23:00:00,764.7557147413818,72471,7778.0
2024-04-13 00:00:00,417.8739998694982,46241,7100.0
2024-04-13 01:00:00,256.5343207633805,20642,5819.0
2024-04-13 02:00:00,-154.2220105661836,11531,4116.0
2024-04-13 03:00:00,-151.3375660489478,8344,2548.0
2024-04-13 04:00:00,-291.321657940799,11843,1326.0
2024-04-13 05:00:00,-328.4122798731121,23069,541.0
2024-04-13 06:00:00,-254.08340084668453,46084,918.0
2024-04-13 07:00:00,-853.305845847734,72414,1461.0
2024-04-13 08:00:00,59.01559899054291,95898,2620.0
2024-04-13 09:00:00,401.52908045017375,115362,3755.0
2024-04-13 10:00:00,604.3814220666109,131651,5166.0
2024-04-13 11:00:00,345.4835286808475,150604,6322.0
2024-04-13 12:00:00,430.84304112309474,168699,7372.0
2024-04-13 13:00:00,-631.393681251091,175616,6840.0
2024-04-13 14:00:00,39.671618447716355,183054,6817.0
2024-04-13 15:00:00,500.651055246396,194942,7202.0
2024-04-13 16:00:00,-1.2376749369132085,196562,7289.0
2024-04-13 17:00:00,-192.4979473207568,185397,7646.0
2024-04-13 18:00:00,111.0585835763759,171728,8061.0
2024-04-13 19:00:00,468.6005398474563,143090,7740.0
2024-04-13 20:00:00,-608.2520570413408,113416,6609.0
2024-04-13 21:00:00,-160.6598651578297,98567,6646.0
2024-04-13 22:00:00,801.4580909510832,89602,7548.0
2024-04-13 23:00:00,1123.1319269434543,65543,8339.0
2024-04-14 00:00:00,481.4116096361231,43895,7853.0
2024-04-14 01:00:00,516.6858509289641,21364,6930.0
2024-04-14 02:00:00,-359.180273732778,12190,4955.0
2024-04-14 03:00:00,-352.2337553486491,8309,2909.0
2024-04-14 04:00:00,172.88332039483203,10035,1804.0
2024-04-14 05:00:00,-336.0874687078108,16906,637.0
2024-04-14 06:00:00,245.95847045219978,32296,1022.0
2024-04-14 07:00:00,-396.71297369638114,50718,1473.0
2024-04-14 08:00:00,87.48980412439414,70772,2081.0
2024-04-14 09:00:00,762.9368348131925,93558,3215.0
2024-04-14 10:00:00,332.2527776056213,109979,4338.0
2024-04-14 11:00:00,110.8950788380962,127297,5249.0
2024-04-14 12:00:00,291.6724460384703,150526,6266.0
2024-04-14 13:00:00,1048.0514397641646,166448,7482.0
2024-04-14 14:00:00,-826.6960999583935,153467,6749.0
2024-04-14 15:00:00,-52.694885739281744,158063,6095.0
2024-04-14 16:00:00,635.5473756943347,165426,6455.0
2024-04-14 17:00:00,-599.2967047362645,163249,6292.0
2024-04-14 18:00:00,68.09922435922726,143459,6292.0
2024-04-14 19:00:00,148.72001450191783,119499,5304.0
2024-04-14 20:00:00,392.2627771529915,97525,5129.0
2024-04-14 21:00:00,1171.3576162788922,80189,6620.0
2024-04-14 22:00:00,-2176.008849689386,54876,3897.0
2024-04-14 23:00:00,206.32211703619487,33837,2432.0
2024-04-15 00:00:00,-109.41700681006319,16512,1567.0
2024-04-15 01:00:00,-646.7347968893744,7147,736.0
2024-04-15 02:00:00,-404.24773531923006,4970,329.0
2024-04-15 03:00:00,-94.94648864642778,6113,252.0
2024-04-15 04:00:00,-58.9876956013303,17624,341.0
2024-04-15 05:00:00,225.11938818099748,64987,772.0
2024-04-15 06:00:00,322.3151109370972,150193,2034.0
2024-04-15 07:00:00,648.762136208099,304697,4103.0
2024-04-15 08:00:00,207.5324250767917,358016,5081.0
2024-04-15 09:00:00,20.973373811807505,222970,4928.0
2024-04-15 10:00:00,104.14604731627787,154359,4902.0
2024-04-15 11:00:00,80.57107465534682,141410,5174.0
2024-04-15 12:00:00,-31.56933195043166,152871,5567.0
2024-04-15 13:00:00,-136.91550724116314,173779,5815.0
2024-04-15 14:00:00,97.33213192364292,212516,6438.0
2024-04-15 15:00:00,290.74609978026547,269092,6695.0
2024-04-15 16:00:00,111.02066043875129,312951,6653.0
2024-04-15 17:00:00,329.97892466307894,371600,7333.0
2024-04-15 18:00:00,-235.5328123344334,275829,7215.0
2024-04-15 19:00:00,83.9137105712598,175326,5757.0
2024-04-15 20:00:00,635.129695892897,133215,5688.0
2024-04-15 21:00:00,-493.3527710999733,98968,5715.0
2024-04-15 22:00:00,185.17974254793353,76776,5128.0
2024-04-15 23:00:00,-379.160724567093,41800,2835.0
2024-04-16 00:00:00,390.6521419283524,21204,1490.0
2024-04-16 01:00:00,36.43389960079003,7902,621.0
2024-04-16 02:00:00,65.19427530838556,4926,279.0
2024-04-16 03:00:00,82.40129232032115,6414,227.0
2024-04-16 04:00:00,8.639042753944352,18255,322.0
2024-04-16 05:00:00,21.651993060153472,67126,700.0
2024-04-16 06:00:00,116.99987666656943,158156,1995.0
2024-04-16 07:00:00,375.806120394413,327218,4309.0
2024-04-16 08:00:00,14.504128921396841,415429,5718.0
2024-04-16 09:00:00,-512.7710806641498,257904,5463.0
2024-04-16 10:00:00,69.92590931014274,165962,5539.0
2024-04-16 11:00:00,-398.174105830225,146072,5386.0
2024-04-16 12:00:00,7.714903113828768,155830,5802.0
2024-04-16 13:00:00,-175.4742557910049,176445,5966.0
2024-04-16 14:00:00,-8.364074708515545,218340,6573.0
2024-04-16 15:00:00,-127.02173724695149,279443,6731.0
2024-04-16 16:00:00,-89.94439382921792,329717,6814.0
2024-04-16 17:00:00,-159.36276192490186,421529,7523.0
2024-04-16 18:00:00,19.43741842745203,312782,8115.0
2024-04-16 19:00:00,-303.98201862550377,194879,6823.0
2024-04-16 20:00:00,469.21047945366627,147097,6946.0
2024-04-16 21:00:00,-178.434559081702,115361,7640.0
2024-04-16 22:00:00,-703.3322460173094,82714,6683.0
2024-04-16 23:00:00,-1513.5807914294091,45575,3353.0
2024-04-17 00:00:00,244.50031397309226,22492,1472.0
2024-04-17 01:00:00,239.51091210891997,8339,615.0
2024-04-17 02:00:00,180.78276522720586,5083,353.0
2024-04-17 03:00:00,94.2918297194447,6418,256.0
2024-04-17 04:00:00,61.77411504780133,18441,343.0
2024-04-17 05:00:00,101.93999371453037,67123,727.0
2024-04-17 06:00:00,70.6284833806717,157102,1965.0
2024-04-17 07:00:00,634.1324466186834,325571,4442.0
2024-04-17 08:00:00,36.83569891235129,412854,5775.0
2024-04-17 09:00:00,-324.4586666458699,257143,5604.0
2024-04-17 10:00:00,123.43551419467076,166958,5716.0
2024-04-17 11:00:00,-62.35449299492575,150074,5859.0
2024-04-17 12:00:00,110.83989928626943,162163,6304.0
2024-04-17 13:00:00,230.95415555932777,183169,6693.0
2024-04-17 14:00:00,104.59956636288734,225973,7144.0
2024-04-17 15:00:00,766.128280035703,285407,7878.0
2024-04-17 16:00:00,1237.8588391642252,334097,9078.0
2024-04-17 17:00:00,-227.02898226031357,409114,9364.0
2024-04-17 18:00:00,787.2545330756711,311274,10176.0
2024-04-17 19:00:00,-249.1884635049446,184892,8451.0
2024-04-17 20:00:00,216.35642604700843,132491,7769.0
2024-04-17 21:00:00,603.3759617019705,106407,8733.0
2024-04-17 22:00:00,-614.9956835925768,83047,7599.0
2024-04-17 23:00:00,-1178.85229582396,47383,4291.0
2024-04-18 00:00:00,-34.28679700274324,23390,2043.0
2024-04-18 01:00:00,78.52234739136554,8494,823.0
2024-04-18 02:00:00,194.80391593130582,5367,473.0
2024-04-18 03:00:00,33.90556824861585,6469,315.0
2024-04-18 04:00:00,18.638305735222048,18307,403.0
2024-04-18 05:00:00,166.521813754219,64853,929.0
2024-04-18 06:00:00,304.22211354635965,149545,2476.0
2024-04-18 07:00:00,707.2451874257367,313253,5240.0
2024-04-18 08:00:00,-160.84973445888136,397654,6545.0
2024-04-18 09:00:00,-162.1093657946003,256594,6477.0
2024-04-18 10:00:00,-2.3460817096620303,166319,6288.0
2024-04-18 11:00:00,-11.67317456379351,147915,6290.0
2024-04-18 12:00:00,163.26998193150757,154660,6665.0
2024-04-18 13:00:00,358.9641764498665,175589,7100.0
2024-04-18 14:00:00,203.1947807465258,221187,7709.0
2024-04-18 15:00:00,-9.794925664398761,279879,7987.0
2024-04-18 16:00:00,-262.0468831244689,320149,7953.0
2024-04-18 17:00:00,486.5936042920348,401789,9518.0
2024-04-18 18:00:00,119.2648095413133,305691,10520.0
2024-04-18 19:00:00,-1596.5368110731742,191780,8103.0
2024-04-18 20:00:00,260.71581525127294,143212,7791.0
2024-04-18 21:00:00,-532.4480142705452,114244,8279.0
2024-04-18 22:00:00,235.31773718523255,88285,8504.0
2024-04-18 23:00:00,-917.9066960410692,52207,5955.0
2024-04-19 00:00:00,-693.3375098790316,26799,2964.0
2024-04-19 01:00:00,260.4120603953586,10515,1501.0
2024-04-19 02:00:00,245.00836507272038,6492,887.0
2024-04-19 03:00:00,162.52490564131176,6829,575.0
2024-04-19 04:00:00,102.26269354863683,17872,545.0
2024-04-19 05:00:00,81.69068647019526,62879,822.0
2024-04-19 06:00:00,59.061765587108084,140117,1992.0
2024-04-19 07:00:00,-147.27462856158672,269437,3729.0
2024-04-19 08:00:00,-290.3560255945913,289540,4787.0
2024-04-19 09:00:00,-360.19143542553775,199716,4805.0
2024-04-19 10:00:00,35.66199685835727,152154,5110.0
2024-04-19 11:00:00,-15.488196852064902,147338,5591.0
2024-04-19 12:00:00,-238.91941559030693,163404,6037.0
2024-04-19 13:00:00,-88.83213132521087,186084,6399.0
2024-04-19 14:00:00,-37.27645985980507,236734,6911.0
2024-04-19 15:00:00,250.32986675868688,285535,7411.0
2024-04-19 16:00:00,-176.1358126094392,307993,7331.0
2024-04-19 17:00:00,141.94558896652143,335821,8220.0
2024-04-19 18:00:00,-152.49684150448593,269601,8631.0
2024-04-19 19:00:00,331.87161306290636,187316,7908.0
2024-04-19 20:00:00,-898.468164001456,140202,6298.0
2024-04-19 21:00:00,-61.310460264044195,120092,6490.0
2024-04-19 22:00:00,758.6594918003293,107817,7378.0
2024-04-19 23:00:00,414.3225925831857,69792,6963.0
2024-04-20 00:00:00,876.0429047217767,39834,6447.0
2024-04-20 01:00:00,171.18145237454155,18354,5268.0
2024-04-20 02:00:00,-89.69332795875471,11071,3797.0
2024-04-20 03:00:00,-249.24216397797545,8150,2256.0
2024-04-20 04:00:00,-227.56981284700282,11309,1101.0
2024-04-20 05:00:00,-165.580385771779,23011,513.0
2024-04-20 06:00:00,-207.08606161473972,44807,979.0
2024-04-20 07:00:00,-825.1763134305797,68143,1532.0
2024-04-20 08:00:00,41.481043158432385,89106,2683.0
2024-04-20 09:00:00,505.8912949771957,108378,3942.0
2024-04-20 10:00:00,69.77458024829775,125042,4870.0
2024-04-20 11:00:00,162.2751864914153,140354,5867.0
2024-04-20 12:00:00,-250.9036787927762,157839,6411.0
2024-04-20 13:00:00,173.40974686961817,173491,6821.0
2024-04-20 14:00:00,-414.9206462793072,180922,6752.0
2024-04-20 15:00:00,279.3651654885607,202167,7100.0
2024-04-20 16:00:00,603.9449167469729,205407,7842.0
2024-04-20 17:00:00,-174.66646989797846,196126,8322.0
2024-04-20 18:00:00,51.711074714658025,182828,8517.0
2024-04-20 19:00:00,862.6179478586964,158854,8253.0
2024-04-20 20:00:00,-244.03458917998523,128308,7131.0
2024-04-20 21:00:00,1182.0906483237095,114824,8265.0
2024-04-20 22:00:00,1001.8083023097051,93919,8978.0
2024-04-20 23:00:00,1477.798094018297,67742,9278.0
2024-04-21 00:00:00,81.83565836447724,37224,7769.0
2024-04-21 01:00:00,376.37539422335976,21053,6518.0
2024-04-21 02:00:00,-101.67189134990076,11264,4906.0
2024-04-21 03:00:00,-379.59166599142236,7569,2890.0
2024-04-21 04:00:00,-12.19296398473898,9734,1550.0
2024-04-21 05:00:00,-66.38495762567027,16951,633.0
2024-04-21 06:00:00,62.753814087716364,33624,924.0
2024-04-21 07:00:00,-356.7610593699844,50352,1444.0
2024-04-21 08:00:00,71.19281188360696,69264,2084.0
2024-04-21 09:00:00,851.153211114538,90967,3329.0
2024-04-21 10:00:00,724.9006778581265,105566,4731.0
2024-04-21 11:00:00,45.80873923247418,119539,5434.0
2024-04-21 12:00:00,394.77561312204125,138104,6318.0
2024-04-21 13:00:00,-15.393324772291635,146590,6651.0
2024-04-21 14:00:00,293.5707189705554,150173,7094.0
2024-04-21 15:00:00,-590.456204842194,150468,6163.0
2024-04-21 16:00:00,41.07630654978129,157027,5977.0
2024-04-21 17:00:00,-373.1271291492003,146210,6168.0
2024-04-21 18:00:00,-376.63163603176963,131651,6032.0
2024-04-21 19:00:00,-230.03922817128387,101498,4802.0
2024-04-21 20:00:00,197.9366749479359,83569,4628.0
2024-04-21 21:00:00,-1329.1271489980127,68871,4411.0
2024-04-21 22:00:00,-1174.7566116886455,52228,3153.0
2024-04-21 23:00:00,-91.99538868696345,32411,2230.0
2024-04-22 00:00:00,-600.2360229193562,15871,1193.0
2024-04-22 01:00:00,-585.42283713284,6813,499.0
2024-04-22 02:00:00,-347.48868025157753,4509,278.0
2024-04-22 03:00:00,-141.46609048601,5825,234.0
2024-04-22 04:00:00,-2.7644107075430497,16984,346.0
2024-04-22 05:00:00,204.09832413383174,60864,752.0
2024-04-22 06:00:00,118.76277308951899,129036,1806.0
2024-04-22 07:00:00,22.671081433342806,224617,3286.0
2024-04-22 08:00:00,-4.119812000994898,289375,4171.0
2024-04-22 09:00:00,-20.298907648094428,195988,4315.0
2024-04-22 10:00:00,-275.76348115837663,141768,4291.0
2024-04-22 11:00:00,-17.775269361924984,133680,4735.0
2024-04-22 12:00:00,-405.10218815504777,141021,4991.0
2024-04-22 13:00:00,-77.73876508206922,154557,5341.0
2024-04-22 14:00:00,-485.2217843247263,179484,5598.0
2024-04-22 15:00:00,73.41616044605507,231089,5942.0
2024-04-22 16:00:00,-226.91941956048595,276802,5918.0
2024-04-22 17:00:00,56.361581212927376,327853,6699.0
2024-04-22 18:00:00,-771.7366394484297,243156,6194.0
2024-04-22 19:00:00,122.27189391126467,155874,4967.0
2024-04-22 20:00:00,398.70213373614934,116497,4894.0
2024-04-22 21:00:00,-159.37748505414584,89180,5296.0
2024-04-22 22:00:00,807.7553874144369,72241,5582.0
2024-04-22 23:00:00,-692.9767734692241,39331,3065.0
2024-04-23 00:00:00,131.08823292372176,20584,1306.0
2024-04-23 01:00:00,216.5627184976202,7342,535.0
2024-04-23 02:00:00,63.553905875392445,4722,253.0
2024-04-23 03:00:00,1.1914702455533757,5907,153.0
2024-04-23 04:00:00,-52.74975274242212,17103,217.0
2024-04-23 05:00:00,66.46011458224802,61375,659.0
2024-04-23 06:00:00,-220.48664930776863,131037,1661.0
2024-04-23 07:00:00,-420.58126495059787,235161,3141.0
2024-04-23 08:00:00,-252.84398116263583,332795,4349.0
2024-04-23 09:00:00,78.91905819343901,228353,4997.0
2024-04-23 10:00:00,-616.3661829794728,152253,4764.0
2024-04-23 11:00:00,109.97518786845103,138513,5208.0
2024-04-23 12:00:00,-226.20179826334152,147797,5506.0
2024-04-23 13:00:00,-9.327986337993025,160601,5772.0
2024-04-23 14:00:00,-238.1032071134032,187866,6088.0
2024-04-23 15:00:00,-86.03377496460598,237899,6246.0
2024-04-23 16:00:00,-137.03541092112755,297357,6318.0
2024-04-23 17:00:00,175.78254370690775,380631,7356.0
2024-04-23 18:00:00,-392.9314188047092,280011,7419.0
2024-04-23 19:00:00,-76.77352837599028,171894,6115.0
2024-04-23 20:00:00,319.0492242200344,127186,5963.0
2024-04-23 21:00:00,43.77691053650142,110678,6799.0
2024-04-23 22:00:00,-454.68868329908764,78902,6181.0
2024-04-23 23:00:00,-1143.453968730597,42873,3078.0
2024-04-24 00:00:00,463.5333415058178,21643,1423.0
2024-04-24 01:00:00,194.14121170590067,8076,569.0
2024-04-24 02:00:00,137.04730443042268,5017,279.0
2024-04-24 03:00:00,96.55999790595894,6124,203.0
2024-04-24 04:00:00,39.498112193715144,17385,282.0
2024-04-24 05:00:00,71.00231421290096,61142,649.0
2024-04-24 06:00:00,30.189962882551526,130533,1803.0
2024-04-24 07:00:00,478.60164144782266,240808,4132.0
2024-04-24 08:00:00,-357.39006563738167,341673,5133.0
2024-04-24 09:00:00,-178.2068256105049,236359,5248.0
2024-04-24 10:00:00,-428.35787278945554,154901,4991.0
2024-04-24 11:00:00,148.80591835997166,142605,5482.0
2024-04-24 12:00:00,-19.692530710352003,152091,6011.0
2024-04-24 13:00:00,-386.69011993990534,165020,5934.0
2024-04-24 14:00:00,872.0386587596131,194996,7314.0
2024-04-24 15:00:00,-1032.8351599488306,234303,6632.0
2024-04-24 16:00:00,-338.3017352757388,294946,6541.0
2024-04-24 17:00:00,-482.60982370630336,377792,7172.0
2024-04-24 18:00:00,-356.02239447251577,289008,7700.0
2024-04-24 19:00:00,-116.75794528930419,181990,6799.0
2024-04-24 20:00:00,7.45165941455889,136777,6458.0
2024-04-24 21:00:00,-295.8253353449154,115530,7066.0
2024-04-24 22:00:00,28.846317441937572,90393,6964.0
2024-04-24 23:00:00,-1147.6355658888506,48433,3872.0
2024-04-25 00:00:00,441.30554324912896,24338,2083.0
2024-04-25 01:00:00,21.002826393946634,8605,866.0
2024-04-25 02:00:00,209.51640979312924,5386,495.0
2024-04-25 03:00:00,31.97033292532268,6485,306.0
2024-04-25 04:00:00,50.003854226456156,17681,378.0
2024-04-25 05:00:00,50.840125112742385,61852,760.0
2024-04-25 06:00:00,13.626671502890758,132117,2012.0
2024-04-25 07:00:00,-106.23802440122017,239351,4022.0
2024-04-25 08:00:00,-122.16167245891302,335687,5475.0
2024-04-25 09:00:00,-527.8353363878323,236746,5492.0
2024-04-25 10:00:00,-73.09272082901589,162468,5647.0
2024-04-25 11:00:00,-60.562674362434336,145950,5979.0
2024-04-25 12:00:00,-187.19517393999377,154197,6286.0
2024-04-25 13:00:00,59.58306048855229,170618,6624.0
2024-04-25 14:00:00,-200.49328231151048,196877,7114.0
2024-04-25 15:00:00,-69.65954635868366,250563,7293.0
2024-04-25 16:00:00,-66.15368231433058,308083,7356.0
2024-04-25 17:00:00,-165.4873358652767,391215,8112.0
2024-04-25 18:00:00,148.0837506401258,301241,8994.0
2024-04-25 19:00:00,-72.81262691381016,192331,7853.0
2024-04-25 20:00:00,230.1685887308522,147105,7399.0
2024-04-25 21:00:00,258.6054472784217,127208,8184.0
2024-04-25 22:00:00,382.82389046698336,92753,8410.0
2024-04-25 23:00:00,-680.1177700142543,54173,5840.0
2024-04-26 00:00:00,-142.09960411217025,27266,3112.0
2024-04-26 01:00:00,265.6883514440449,10941,1568.0
2024-04-26 02:00:00,259.0653658748506,6368,913.0
2024-04-26 03:00:00,121.66604328373921,6736,547.0
2024-04-26 04:00:00,114.95410485204354,17289,487.0
2024-04-26 05:00:00,63.697970643683675,58589,698.0
2024-04-26 06:00:00,-96.04467226614702,120229,1643.0
2024-04-26 07:00:00,-128.6627004391462,200083,3261.0
2024-04-26 08:00:00,-540.0915121919588,241854,4043.0
2024-04-26 09:00:00,-29.39027282366351,187599,4454.0
2024-04-26 10:00:00,3.767607803689316,152452,4917.0
2024-04-26 11:00:00,-382.174495732831,147783,5099.0
2024-04-26 12:00:00,-117.53092275367635,162836,5545.0
2024-04-26 13:00:00,-115.59180194118562,179426,5855.0
2024-04-26 14:00:00,-4.106894410490895,207664,6519.0
2024-04-26 15:00:00,75.06423804999667,253955,6971.0
2024-04-26 16:00:00,-231.48117622849713,291076,6944.0
2024-04-26 17:00:00,-213.89847970451956,320634,7533.0
2024-04-26 18:00:00,-9.491974229501466,259604,8103.0
2024-04-26 19:00:00,-91.20912466499703,190851,7146.0
2024-04-26 20:00:00,-283.5643989598602,144638,6207.0
2024-04-26 21:00:00,30.067109356912624,122239,6719.0
2024-04-26 22:00:00,266.04992437971396,104031,7109.0
2024-04-26 23:00:00,1568.3878812193661,52285,7618.0
2024-04-27 00:00:00,-8.400249993848774,41009,6169.0
2024-04-27 01:00:00,63.04337115473572,19511,4595.0
2024-04-27 02:00:00,-60.412586946303236,11264,3205.0
2024-04-27 03:00:00,-91.07275519374252,8401,1990.0
2024-04-27 04:00:00,-143.8454488997902,11502,1059.0
2024-04-27 05:00:00,-208.68580231633405,22939,490.0
2024-04-27 06:00:00,-236.4331780790692,44892,909.0
2024-04-27 07:00:00,-835.7035995487281,67390,1417.0
2024-04-27 08:00:00,-274.5205291838256,87813,2198.0
2024-04-27 09:00:00,523.4768075654815,112293,3520.0
2024-04-27 10:00:00,-36.35482056052206,129041,4425.0
2024-04-27 11:00:00,34.76411398893924,142324,5292.0
2024-04-27 12:00:00,-48.43072965816464,162847,5951.0
2024-04-27 13:00:00,-85.33027235965892,176371,6224.0
2024-04-27 14:00:00,-638.5031760833963,183945,6033.0
2024-04-27 15:00:00,133.4812114969318,196286,6370.0
2024-04-27 16:00:00,1145.626931457522,211282,7958.0
2024-04-27 17:00:00,-335.9075108157522,199760,8540.0
2024-04-27 18:00:00,-1016.0715991439993,173905,7646.0
2024-04-27 19:00:00,668.9689880829073,149759,7158.0
2024-04-27 20:00:00,-468.65315099088457,114411,6206.0
2024-04-27 21:00:00,-195.87393625065488,99170,6668.0
2024-04-27 22:00:00,139.57812411743453,89581,7100.0
2024-04-27 23:00:00,13.254893200951301,63559,6752.0
2024-04-28 00:00:00,306.3171080572556,34991,6083.0
2024-04-28 01:00:00,-559.7689221189939,18337,4567.0
2024-04-28 02:00:00,-532.5310186623565,10571,3028.0
2024-04-28 03:00:00,-46.54825987348568,8414,1973.0
2024-04-28 04:00:00,-18.286237599198785,10035,1180.0
2024-04-28 05:00:00,-1.249175943991304,19405,618.0
2024-04-28 06:00:00,178.63043721583745,41336,1111.0
2024-04-28 07:00:00,-205.7758825223582,58005,1760.0
2024-04-28 08:00:00,-95.98810425227475,77620,2105.0
2024-04-28 09:00:00,919.5470736319235,100926,3291.0
2024-04-28 10:00:00,428.56338323210275,116468,4412.0
2024-04-28 11:00:00,229.95163933850472,134470,5287.0
2024-04-28 12:00:00,203.7250797257011,150517,6036.0
2024-04-28 13:00:00,295.8490094738063,157140,6503.0
2024-04-28 14:00:00,-209.3598267824509,158331,6512.0
2024-04-28 15:00:00,-64.06454112049232,157045,6097.0
2024-04-28 16:00:00,372.1396561686797,161880,6345.0
2024-04-28 17:00:00,-792.9171819587946,155885,6126.0
2024-04-28 18:00:00,-184.85221334906964,141340,5914.0
2024-04-28 19:00:00,465.67678967277334,116383,5166.0
2024-04-28 20:00:00,431.99501510345,100177,5039.0
2024-04-28 21:00:00,-1046.8168489900172,76322,4359.0
2024-04-28 22:00:00,-445.6376990441413,57137,3333.0
2024-04-28 23:00:00,314.4555330255498,34831,2476.0
2024-04-29 00:00:00,-378.10920906891147,17622,1318.0
2024-04-29 01:00:00,-336.1498715247151,7163,508.0
2024-04-29 02:00:00,-78.96290095092172,5003,276.0
2024-04-29 03:00:00,-33.4152408605882,5814,221.0
2024-04-29 04:00:00,-29.23965561286286,17016,263.0
2024-04-29 05:00:00,206.7601149364524,60002,673.0
2024-04-29 06:00:00,196.1059971800339,128814,1812.0
2024-04-29 07:00:00,334.10663766028665,229775,3510.0
2024-04-29 08:00:00,260.36844138494234,296378,4478.0
2024-04-29 09:00:00,174.23937760184435,202333,4615.0
2024-04-29 10:00:00,185.07714252608184,147214,4791.0
2024-04-29 11:00:00,-77.81714329010629,137359,4963.0
2024-04-29 12:00:00,241.75898672080712,147472,5560.0
2024-04-29 13:00:00,-79.41152470001362,163172,5709.0
2024-04-29 14:00:00,201.26777672423214,187680,6233.0
2024-04-29 15:00:00,561.1536873011019,235090,6777.0
2024-04-29 16:00:00,-180.24579432649807,285879,6480.0
2024-04-29 17:00:00,281.25354049130783,343721,7084.0
2024-04-29 18:00:00,115.70995487500659,252816,7071.0
2024-04-29 19:00:00,271.187700361882,160163,5737.0
2024-04-29 20:00:00,895.8473712709683,121977,5764.0
2024-04-29 21:00:00,-149.9217717064912,99569,5822.0
2024-04-29 22:00:00,-537.4036440169684,68574,4587.0
2024-04-29 23:00:00,124.8211661473697,41231,2838.0
2024-04-30 00:00:00,-14.145685468556849,20879,1226.0
2024-04-30 01:00:00,250.68083765764032,7838,546.0
2024-04-30 02:00:00,89.75708927333011,5004,309.0
2024-04-30 03:00:00,-39.64513657533172,6164,147.0
2024-04-30 04:00:00,-3.5739474465835315,17457,213.0
2024-04-30 05:00:00,61.052483054593495,63783,634.0
2024-04-30 06:00:00,-38.48731784904521,135413,1757.0
2024-04-30 07:00:00,748.093064509018,251093,4214.0
2024-04-30 08:00:00,-37.20584432297983,352881,5345.0
2024-04-30 09:00:00,21.116498941800273,239448,5519.0
2024-04-30 10:00:00,-117.5832925281602,157925,5375.0
2024-04-30 11:00:00,-67.33456268596728,140255,5454.0
2024-04-30 12:00:00,154.84538849351975,146741,5951.0
2024-04-30 13:00:00,-52.14906420231455,162354,6091.0
2024-04-30 14:00:00,-70.03212265148613,188956,6413.0
2024-04-30 15:00:00,229.16646966585358,238809,6787.0
2024-04-30 16:00:00,-239.36071731229276,297543,6612.0
2024-04-30 17:00:00,454.2131517023963,391564,7768.0
2024-04-30 18:00:00,455.0069800504225,296728,8549.0
2024-04-30 19:00:00,-141.0262061104695,179509,6973.0
2024-04-30 20:00:00,766.2605236703912,132425,6811.0
2024-04-30 21:00:00,117.80730410537763,111078,7332.0
2024-04-30 22:00:00,1282.2323573183585,92142,7954.0
2024-04-30 23:00:00,-1807.2254653229247,42732,3879.0
2024-05-01 00:00:00,452.2698431865697,22187,1653.0
2024-05-01 01:00:00,484.47931649546257,8322,859.0
2024-05-01 02:00:00,-18.89088515339381,5116,355.0
2024-05-01 03:00:00,124.71113079059229,6360,235.0
2024-05-01 04:00:00,1.0000419570201302,18512,269.0
2024-05-01 05:00:00,175.26190813224025,67764,743.0
2024-05-01 06:00:00,148.79874659579582,158266,2027.0
2024-05-01 07:00:00,406.6157376142796,323163,4350.0
2024-05-01 08:00:00,98.0606406230063,400064,5760.0
2024-05-01 09:00:00,-367.9150259405833,255667,5622.0
2024-05-01 10:00:00,56.10884708253798,164259,5611.0
2024-05-01 11:00:00,77.46494850301497,148013,5882.0
2024-05-01 12:00:00,121.41706849996262,157470,6377.0
2024-05-01 13:00:00,-44.340631510573985,178364,6431.0
2024-05-01 14:00:00,-39.5928130345892,220174,6872.0
2024-05-01 15:00:00,181.29953008772281,278344,7127.0
2024-05-01 16:00:00,142.88084855536545,329318,7215.0
2024-05-01 17:00:00,785.6262616648164,414840,8600.0
2024-05-01 18:00:00,221.37566578464248,315166,9143.0
2024-05-01 19:00:00,159.2494365534203,197103,7849.0
2024-05-01 20:00:00,868.6491923841768,147640,7774.0
2024-05-01 21:00:00,742.0430559113129,119011,8828.0
2024-05-01 22:00:00,-499.82315446290704,89575,7858.0
2024-05-01 23:00:00,-902.5883039369137,47780,4489.0
2024-05-02 00:00:00,-25.20225751201474,24022,2004.0
2024-05-02 01:00:00,396.4699346059167,11145,1051.0
2024-05-02 02:00:00,6.589607446099194,5588,538.0
2024-05-02 03:00:00,56.767598300939824,6562,348.0
2024-05-02 04:00:00,0.02324401267111398,18475,379.0
2024-05-02 05:00:00,39.41282042504133,67338,746.0
2024-05-02 06:00:00,159.54165455210182,153977,2113.0
2024-05-02 07:00:00,574.2509746912174,313886,4628.0
2024-05-02 08:00:00,326.26499965289986,390516,6379.0
2024-05-02 09:00:00,-512.4394561819827,254877,6081.0
2024-05-02 10:00:00,-87.36827468354932,168225,5908.0
2024-05-02 11:00:00,-193.02598746504918,151471,5938.0
2024-05-02 12:00:00,20.3468487376158,161389,6377.0
2024-05-02 13:00:00,-6.79977869648792,179015,6658.0
2024-05-02 14:00:00,305.72753436928724,223481,7487.0
2024-05-02 15:00:00,59.12456208180629,283841,7729.0
2024-05-02 16:00:00,168.818192335606,334168,7896.0
2024-05-02 17:00:00,693.3829408618767,407219,9295.0
2024-05-02 18:00:00,816.3697868999661,311118,10553.0
2024-05-02 19:00:00,-670.1060286281827,201865,8508.0
2024-05-02 20:00:00,690.9034741412215,157856,8132.0
2024-05-02 21:00:00,573.5408140043801,126132,9234.0
2024-05-02 22:00:00,-178.10398079253173,93597,8759.0
2024-05-02 23:00:00,-250.85156173921132,55457,6369.0
2024-05-03 00:00:00,771.2155949355788,30231,4477.0
2024-05-03 01:00:00,-511.43295516219996,11459,2010.0
2024-05-03 02:00:00,420.61561686326866,6803,1124.0
2024-05-03 03:00:00,145.46855831779362,7212,669.0
2024-05-03 04:00:00,119.77205759661126,18293,564.0
2024-05-03 05:00:00,184.17010356614423,65138,860.0
2024-05-03 06:00:00,99.67461447055439,144226,1947.0
2024-05-03 07:00:00,399.77048526372346,272726,4048.0
2024-05-03 08:00:00,-174.5277962438431,290913,5073.0
2024-05-03 09:00:00,-143.85607141532728,199404,5127.0
2024-05-03 10:00:00,322.5663561471283,155650,5595.0
2024-05-03 11:00:00,162.21447231013008,150383,6022.0
2024-05-03 12:00:00,89.10813450155365,162863,6381.0
2024-05-03 13:00:00,36.60510360580247,186259,6461.0
2024-05-03 14:00:00,441.28467403952345,233200,7294.0
2024-05-03 15:00:00,334.8677043293319,287463,7792.0
2024-05-03 16:00:00,-420.3513096808738,314330,7332.0
2024-05-03 17:00:00,486.58385118364095,342076,8401.0
2024-05-03 18:00:00,191.70408308419792,277418,9143.0
2024-05-03 19:00:00,373.88862232765223,196209,8313.0
2024-05-03 20:00:00,-640.2423540528634,149210,6760.0
2024-05-03 21:00:00,13.40850736363518,127522,7082.0
2024-05-03 22:00:00,1093.5857915986053,116201,8139.0
2024-05-03 23:00:00,280.500655116949,72422,7432.0
2024-05-04 00:00:00,770.2022214865538,41821,6599.0
2024-05-04 01:00:00,-245.72338668486645,19349,4713.0
2024-05-04 02:00:00,-232.63353329212168,10915,2958.0
2024-05-04 03:00:00,139.70944045216606,8105,1941.0
2024-05-04 04:00:00,-288.51241665171915,11425,974.0
2024-05-04 05:00:00,-223.33806333222435,23584,454.0
2024-05-04 06:00:00,-210.77749492697012,49633,980.0
2024-05-04 07:00:00,-744.04800293069,73926,1693.0
2024-05-04 08:00:00,-93.8572325661462,97690,2687.0
2024-05-04 09:00:00,631.4391654907213,116626,4047.0
2024-05-04 10:00:00,306.7980501969396,132796,5155.0
2024-05-04 11:00:00,378.6453080670017,149734,6212.0
2024-05-04 12:00:00,711.0989792339988,168760,7419.0
2024-05-04 13:00:00,622.8075520412303,176696,8056.0
2024-05-04 14:00:00,-294.236376102077,185125,7682.0
2024-05-04 15:00:00,553.5835828388417,203350,7811.0
2024-05-04 16:00:00,285.78136130362145,202940,8083.0
2024-05-04 17:00:00,-348.10245140194274,193502,8387.0
2024-05-04 18:00:00,404.93783032787724,176468,8873.0
2024-05-04 19:00:00,920.9058947163321,150422,8603.0
2024-05-04 20:00:00,-899.3962408487314,117382,6714.0
2024-05-04 21:00:00,299.493625924114,100000,6981.0
2024-05-04 22:00:00,1501.3880808890572,98591,8406.0
2024-05-04 23:00:00,910.6280163884221,68159,8336.0
2024-05-05 00:00:00,624.4677695468663,36954,7289.0
2024-05-05 01:00:00,291.4855276943399,18685,5768.0
2024-05-05 02:00:00,-161.84681815999738,11008,3828.0
2024-05-05 03:00:00,115.74012692888164,7796,2388.0
2024-05-05 04:00:00,149.3140939704465,9570,1452.0
2024-05-05 05:00:00,-36.33193931355288,17185,741.0
2024-05-05 06:00:00,9.62848002857595,33078,1052.0
2024-05-05 07:00:00,-351.84658699365605,49567,1644.0
2024-05-05 08:00:00,137.48399944032872,67082,2339.0
2024-05-05 09:00:00,1136.0537485623277,88465,3856.0
2024-05-05 10:00:00,913.7736547024506,105113,5429.0
2024-05-05 11:00:00,581.4687568586987,122200,6561.0
2024-05-05 12:00:00,411.9564026874614,134754,7318.0
2024-05-05 13:00:00,631.3628643697457,146265,7912.0
2024-05-05 14:00:00,1529.7888400047486,159990,9339.0
2024-05-05 15:00:00,270.7608469652696,155820,8920.0
2024-05-05 16:00:00,-318.2861127226497,143008,7627.0
2024-05-05 17:00:00,213.59768249973513,140582,7509.0
2024-05-05 18:00:00,-34.4218298020287,124777,7164.0
2024-05-05 19:00:00,870.0326870652261,101608,6630.0
2024-05-05 20:00:00,-872.9915715942716,77893,4934.0
2024-05-05 21:00:00,-614.4342760337859,68122,4302.0
2024-05-05 22:00:00,-428.0705048576392,51668,3553.0
2024-05-05 23:00:00,-102.03215635011065,33120,2561.0
2024-05-06 00:00:00,-138.30189264888645,16425,1775.0
2024-05-06 01:00:00,-662.1131262379781,7086,776.0
2024-05-06 02:00:00,-281.8176195381161,4839,320.0
2024-05-06 03:00:00,-7.650951812279629,5921,286.0
2024-05-06 04:00:00,-23.079435516143974,17849,366.0
2024-05-06 05:00:00,293.3085169054,65574,869.0
2024-05-06 06:00:00,185.8209884592734,149162,1983.0
2024-05-06 07:00:00,820.6206447440704,298938,4160.0
2024-05-06 08:00:00,502.8314890395741,351464,5412.0
2024-05-06 09:00:00,-193.10663536021184,221584,5106.0
2024-05-06 10:00:00,85.26342427430063,153943,5130.0
2024-05-06 11:00:00,-259.05382224415916,140906,5189.0
2024-05-06 12:00:00,-106.21483750580774,149643,5623.0
2024-05-06 13:00:00,-245.05239354443802,168645,5809.0
2024-05-06 14:00:00,-275.46829867511497,209180,6333.0
2024-05-06 15:00:00,-90.04497490773701,266264,6729.0
2024-05-06 16:00:00,-343.8753618050878,305740,6535.0
2024-05-06 17:00:00,590.6363270904794,368837,7735.0
2024-05-06 18:00:00,-291.33386283136497,275296,7626.0
2024-05-06 19:00:00,46.651823575227354,170259,6206.0
2024-05-06 20:00:00,308.96506565790787,127950,5643.0
2024-05-06 21:00:00,-269.8044068089748,95783,5566.0
2024-05-06 22:00:00,98.4455456797159,75823,4880.0
2024-05-06 23:00:00,-190.6617783311699,43118,2880.0
2024-05-07 00:00:00,294.816921622428,22087,1557.0
2024-05-07 01:00:00,3.496619867310983,8025,670.0
2024-05-07 02:00:00,114.17880538295162,5249,398.0
2024-05-07 03:00:00,25.581126804446626,6455,297.0
2024-05-07 04:00:00,-66.85731744150064,18551,309.0
2024-05-07 05:00:00,75.97152861854818,69624,745.0
2024-05-07 06:00:00,-11.562699685453026,161365,1931.0
2024-05-07 07:00:00,524.0677686282938,326070,4439.0
2024-05-07 08:00:00,-144.38267087248187,408251,5737.0
2024-05-07 09:00:00,-340.16374391937825,255847,5657.0
2024-05-07 10:00:00,-22.50094482320128,166182,5672.0
2024-05-07 11:00:00,13.767533738681777,150907,5884.0
2024-05-07 12:00:00,-165.6282593561,157741,6077.0
2024-05-07 13:00:00,197.37007229144638,177532,6434.0
2024-05-07 14:00:00,348.50276398202914,222522,7228.0
2024-05-07 15:00:00,37.15687963522214,285666,7403.0
2024-05-07 16:00:00,204.95773358927363,333690,7494.0
2024-05-07 17:00:00,433.5722740327574,430490,8598.0
2024-05-07 18:00:00,47.16180457995324,321969,8986.0
2024-05-07 19:00:00,-300.53922712027907,195903,7233.0
2024-05-07 20:00:00,657.8775260530147,147827,6997.0
2024-05-07 21:00:00,461.55354398898726,125669,7876.0
2024-05-07 22:00:00,-347.2419512400593,88958,7197.0
2024-05-07 23:00:00,-430.31317267257964,53308,4549.0
2024-05-08 00:00:00,-136.98388131287447,24781,2025.0
2024-05-08 01:00:00,210.88944290318295,9018,810.0
2024-05-08 02:00:00,161.36440406576423,5617,400.0
2024-05-08 03:00:00,111.81086297384036,6688,305.0
2024-05-08 04:00:00,7.964578284957156,18727,339.0
2024-05-08 05:00:00,115.54679646348859,67548,761.0
2024-05-08 06:00:00,333.5569203860671,156577,2272.0
2024-05-08 07:00:00,770.689038720484,321834,5014.0
2024-05-08 08:00:00,77.9945618530628,399227,6473.0
2024-05-08 09:00:00,-656.6254856118903,256141,5906.0
2024-05-08 10:00:00,36.001615957849936,166733,5802.0
2024-05-08 11:00:00,127.69742608981142,151715,6159.0
2024-05-08 12:00:00,40.35712218265144,162090,6590.0
2024-05-08 13:00:00,7.725565094774538,182204,6741.0
2024-05-08 14:00:00,114.9424604389933,223821,7276.0
2024-05-08 15:00:00,162.20035951954833,277729,7573.0
2024-05-08 16:00:00,132.02077186582756,328734,7748.0
2024-05-08 17:00:00,383.98097754142873,422771,8951.0
2024-05-08 18:00:00,176.1463105432358,321082,9603.0
2024-05-08 19:00:00,-504.57925595096276,196682,7754.0
2024-05-08 20:00:00,407.9897697538381,147907,7356.0
2024-05-08 21:00:00,106.75418550547693,126742,8223.0
2024-05-08 22:00:00,85.66979025665933,99770,8066.0
2024-05-08 23:00:00,-386.14301037027144,55536,5591.0
2024-05-09 00:00:00,-540.025262850017,25981,2518.0
2024-05-09 01:00:00,341.3328351341671,9905,1184.0
2024-05-09 02:00:00,131.5893334189135,5918,648.0
2024-05-09 03:00:00,73.7425536664112,6857,447.0
2024-05-09 04:00:00,-52.584369248584665,18734,397.0
2024-05-09 05:00:00,196.7513513834515,67909,890.0
2024-05-09 06:00:00,133.82519791216873,156458,2270.0
2024-05-09 07:00:00,399.2894698988748,313244,4758.0
2024-05-09 08:00:00,-215.7436423228046,386692,6175.0
2024-05-09 09:00:00,-485.85618694888035,254272,6019.0
2024-05-09 10:00:00,86.65373526187432,169055,6158.0
2024-05-09 11:00:00,36.94002439866745,154561,6454.0
2024-05-09 12:00:00,17.933906216641844,164011,6839.0
2024-05-09 13:00:00,-129.04523904432972,183141,6868.0
2024-05-09 14:00:00,341.3537259649311,228965,7705.0
2024-05-09 15:00:00,-57.095852931028276,288982,7897.0
2024-05-09 16:00:00,224.6028347168649,333661,8216.0
2024-05-09 17:00:00,680.9219708936544,414816,9809.0
2024-05-09 18:00:00,355.0835709946914,312362,10844.0
2024-05-09 19:00:00,-505.11430610315074,203636,8910.0
2024-05-09 20:00:00,292.75940156692195,155137,8121.0
2024-05-09 21:00:00,-183.45519458495255,122094,8470.0
2024-05-09 22:00:00,29.172793260468097,94165,8326.0
2024-05-09 23:00:00,22.191216764380442,57887,6695.0
2024-05-10 00:00:00,-613.3518644773349,28774,3863.0
2024-05-10 01:00:00,-18.343082901420075,11107,1913.0
2024-05-10 02:00:00,231.74679083217904,6458,1083.0
2024-05-10 03:00:00,198.83370459566095,6875,748.0
2024-05-10 04:00:00,151.21063282887098,17740,701.0
2024-05-10 05:00:00,126.58923227860157,61861,959.0
2024-05-10 06:00:00,218.64665931239597,136589,2197.0
2024-05-10 07:00:00,424.6328700948811,263855,4450.0
2024-05-10 08:00:00,202.65847041169218,287847,5933.0
2024-05-10 09:00:00,-212.70009855068565,198266,5885.0
2024-05-10 10:00:00,72.3993789935339,154907,5973.0
2024-05-10 11:00:00,-46.62995639528344,149672,6186.0
2024-05-10 12:00:00,-33.28064841124342,166559,6518.0
2024-05-10 13:00:00,115.92828687765268,190023,6764.0
2024-05-10 14:00:00,657.1458249370153,238636,7935.0
2024-05-10 15:00:00,347.147800408633,288160,8507.0
2024-05-10 16:00:00,571.8992347957992,305899,8931.0
2024-05-10 17:00:00,-22.864494459608977,325810,9443.0
2024-05-10 18:00:00,636.235083235355,262454,10338.0
2024-05-10 19:00:00,1213.0543566824108,187692,10258.0
2024-05-10 20:00:00,-1885.596538620961,136012,7128.0
2024-05-10 21:00:00,694.247202273109,114832,7499.0
2024-05-10 22:00:00,442.5423378720261,105723,7921.0
2024-05-10 23:00:00,372.2145525851174,69183,7191.0
2024-05-11 00:00:00,506.2104522444324,40523,6176.0
2024-05-11 01:00:00,123.58939115077555,19315,4759.0
2024-05-11 02:00:00,137.22554893430606,11098,3449.0
2024-05-11 03:00:00,-210.61036100861384,8434,2050.0
2024-05-11 04:00:00,-27.263940526304623,11534,1191.0
2024-05-11 05:00:00,-346.4210641829368,24302,512.0
2024-05-11 06:00:00,-261.78328335638776,48641,963.0
2024-05-11 07:00:00,-923.2599984354365,73481,1582.0
2024-05-11 08:00:00,-181.54815648973272,96128,2697.0
2024-05-11 09:00:00,422.78629180619737,119156,4076.0
2024-05-11 10:00:00,213.75184386015462,135945,5273.0
2024-05-11 11:00:00,77.67999206746754,151361,6212.0
2024-05-11 12:00:00,-243.50253482107655,170771,6726.0
2024-05-11 13:00:00,26.7292681010631,187343,7180.0
2024-05-11 14:00:00,-719.1787865305014,195018,7019.0
2024-05-11 15:00:00,503.25625802393824,206036,7753.0
2024-05-11 16:00:00,55.45238841675382,211170,8220.0
2024-05-11 17:00:00,-536.8530646586441,201458,8447.0
2024-05-11 18:00:00,77.12521095247757,189526,8943.0
2024-05-11 19:00:00,401.8980856783055,163584,8649.0
2024-05-11 20:00:00,-1016.8174846560214,124168,6762.0
2024-05-11 21:00:00,62.07804610480889,106585,6887.0
2024-05-11 22:00:00,897.67678404244,99924,7920.0
2024-05-11 23:00:00,295.8712698557556,66560,7555.0
2024-05-12 00:00:00,85.95091067284193,37308,6325.0
2024-05-12 01:00:00,-259.58747113619484,19833,4762.0
2024-05-12 02:00:00,-126.43286068649286,10994,3402.0
2024-05-12 03:00:00,-130.7306334970117,7980,2131.0
2024-05-12 04:00:00,72.12064770733991,10104,1336.0
2024-05-12 05:00:00,-187.69516192099582,16452,587.0
2024-05-12 06:00:00,-2.046495983492605,31109,914.0
2024-05-12 07:00:00,-276.05630251675143,45641,1598.0
2024-05-12 08:00:00,81.69287065548497,62479,2327.0
2024-05-12 09:00:00,1040.9485656220809,83002,3875.0
2024-05-12 10:00:00,627.7793733332328,100942,5374.0
2024-05-12 11:00:00,644.606913794687,112649,6809.0
2024-05-12 12:00:00,842.4315031369542,124408,8164.0
2024-05-12 13:00:00,-415.5065978801622,135414,7766.0
2024-05-12 14:00:00,-504.32994330456677,138836,7365.0
2024-05-12 15:00:00,-644.9008004282514,140359,6680.0
2024-05-12 16:00:00,61.02666328597479,142054,6713.0
2024-05-12 17:00:00,-685.509094025494,142196,6685.0
2024-05-12 18:00:00,-417.2858629314296,132712,6514.0
2024-05-12 19:00:00,261.0472230294881,109461,5932.0
2024-05-12 20:00:00,337.1901376536989,92322,5656.0
2024-05-12 21:00:00,-587.5444342896099,79750,5215.0
2024-05-12 22:00:00,-649.4449310141117,61572,3973.0
2024-05-12 23:00:00,-205.02892723149944,35933,2504.0
2024-05-13 00:00:00,-224.86874109658288,17462,1474.0
2024-05-13 01:00:00,-435.9026206161459,7506,657.0
2024-05-13 02:00:00,-271.0049650631329,4883,264.0
2024-05-13 03:00:00,-53.806081635047065,6094,203.0
2024-05-13 04:00:00,42.37308322135277,17984,374.0
2024-05-13 05:00:00,215.74961262914098,66527,843.0
2024-05-13 06:00:00,303.6026598271301,149838,2089.0
2024-05-13 07:00:00,615.9264701799707,295483,4184.0
2024-05-13 08:00:00,443.9216987877826,347067,5521.0
2024-05-13 09:00:00,10.973498680934426,219689,5504.0
2024-05-13 10:00:00,-41.935412508712034,153062,5411.0
2024-05-13 11:00:00,-237.0346924243504,142258,5434.0
2024-05-13 12:00:00,-120.70250851662604,151931,5875.0
2024-05-13 13:00:00,-173.17651601730904,172544,6050.0
2024-05-13 14:00:00,431.27138481134807,215435,6971.0
2024-05-13 15:00:00,303.9532047118046,272332,7379.0
2024-05-13 16:00:00,-122.26345416427648,312111,7086.0
2024-05-13 17:00:00,752.216444482021,374669,8252.0
2024-05-13 18:00:00,379.7120282243759,282387,8653.0
2024-05-13 19:00:00,-334.62738916166654,173171,6660.0
2024-05-13 20:00:00,583.303077552092,130933,6107.0
2024-05-13 21:00:00,512.2963342532876,104530,6720.0
2024-05-13 22:00:00,331.61404512991703,79752,6191.0
2024-05-13 23:00:00,-500.37909727516535,42973,3482.0
2024-05-14 00:00:00,68.81315301976178,22658,1537.0
2024-05-14 01:00:00,214.45551893655033,8545,687.0
2024-05-14 02:00:00,19.573307132406057,5239,336.0
2024-05-14 03:00:00,-11.967183748469324,6559,213.0
2024-05-14 04:00:00,-41.20557236355421,18663,292.0
2024-05-14 05:00:00,52.68271484525792,70104,749.0
2024-05-14 06:00:00,14.0638369544331,161344,2012.0
2024-05-14 07:00:00,739.2720738941384,325390,4777.0
2024-05-14 08:00:00,14.338978978479645,405558,6285.0
2024-05-14 09:00:00,-449.31561317428987,254798,6048.0
2024-05-14 10:00:00,-251.30717549312976,165140,5744.0
2024-05-14 11:00:00,306.34466011587756,152048,6239.0
2024-05-14 12:00:00,396.2290103794094,166901,7014.0
2024-05-14 13:00:00,-476.20331442290717,180896,6650.0
2024-05-14 14:00:00,445.9862367113201,225881,7482.0
2024-05-14 15:00:00,336.53953287354034,289716,8079.0
2024-05-14 16:00:00,-97.27058038410178,338833,8002.0
2024-05-14 17:00:00,465.126465038933,431577,9135.0
2024-05-14 18:00:00,1058.848860579832,324971,10570.0
2024-05-14 19:00:00,1070.7969343966524,204950,10072.0
2024-05-14 20:00:00,-729.2834993382658,142152,7954.0
2024-05-14 21:00:00,1321.0315230847827,115300,9037.0
2024-05-14 22:00:00,-507.26275222949516,88481,7880.0
2024-05-14 23:00:00,-484.17517515394775,51392,5001.0
2024-05-15 00:00:00,-418.6207489009603,24189,2039.0
2024-05-15 01:00:00,409.6455379909856,9058,877.0
2024-05-15 02:00:00,136.1233144877134,5580,436.0
2024-05-15 03:00:00,61.53917535636151,6570,272.0
2024-05-15 04:00:00,24.449920628993596,18178,324.0
2024-05-15 05:00:00,179.9892293231227,67632,825.0
2024-05-15 06:00:00,399.4938268629594,154607,2461.0
2024-05-15 07:00:00,907.5387214764023,311294,5482.0
2024-05-15 08:00:00,168.99146940305764,410118,7161.0
2024-05-15 09:00:00,-237.02477846099282,266712,6948.0
2024-05-15 10:00:00,-313.1975270566254,168708,6292.0
2024-05-15 11:00:00,183.0168081390775,153844,6465.0
2024-05-15 12:00:00,-165.99462957549895,160595,6685.0
2024-05-15 13:00:00,-119.27823378431367,186554,6698.0
2024-05-15 14:00:00,484.81898345327863,237179,7684.0
2024-05-15 15:00:00,18.48190228207568,282791,8004.0
2024-05-15 16:00:00,434.857834591362,333612,8506.0
2024-05-15 17:00:00,866.0596849132635,433249,10165.0
2024-05-15 18:00:00,-417.0393188266735,321634,10231.0
2024-05-15 19:00:00,-108.4795003388972,199224,8716.0
2024-05-15 20:00:00,898.0182937699828,142981,8619.0
2024-05-15 21:00:00,70.40278204709648,111992,9137.0
2024-05-15 22:00:00,-74.21178270763085,96327,8525.0
2024-05-15 23:00:00,-396.75259478771386,52447,6010.0
2024-05-16 00:00:00,-856.588116629498,25632,2565.0
2024-05-16 01:00:00,450.2615571020924,9883,1244.0
2024-05-16 02:00:00,77.66413370393298,5896,663.0
2024-05-16 03:00:00,39.73739038239842,6843,424.0
2024-05-16 04:00:00,73.55601142997926,18431,498.0
2024-05-16 05:00:00,241.01197947494654,67341,1074.0
2024-05-16 06:00:00,330.09644766278643,153685,2666.0
2024-05-16 07:00:00,661.4689681950458,310659,5428.0
2024-05-16 08:00:00,-176.02987146399755,392509,6785.0
2024-05-16 09:00:00,-202.46187461977206,256627,6802.0
2024-05-16 10:00:00,-526.6103090138058,167226,6221.0
2024-05-16 11:00:00,219.87927718827996,153561,6595.0
2024-05-16 12:00:00,42.27730715941834,163358,7080.0
2024-05-16 13:00:00,-165.03888057110817,185290,7056.0
2024-05-16 14:00:00,384.867097889437,232123,7948.0
2024-05-16 15:00:00,202.9857999923388,289316,8419.0
2024-05-16 16:00:00,158.35786495593493,339721,8733.0
2024-05-16 17:00:00,448.39308112664,417476,10163.0
2024-05-16 18:00:00,503.8709466385226,319049,11309.0
2024-05-16 19:00:00,-756.3736960637525,200415,9194.0
2024-05-16 20:00:00,281.66003653060034,150853,8395.0
2024-05-16 21:00:00,285.82022240378865,124693,9083.0
2024-05-16 22:00:00,108.5565133871005,98105,8886.0
2024-05-16 23:00:00,-569.1217489779938,57285,6570.0
2024-05-17 00:00:00,-438.36732553424326,29537,3635.0
2024-05-17 01:00:00,84.30655033437642,11680,1823.0
2024-05-17 02:00:00,266.8481880494388,6916,1095.0
2024-05-17 03:00:00,96.52684615393105,7125,697.0
2024-05-17 04:00:00,177.3647143607609,18336,713.0
2024-05-17 05:00:00,-56.13182894514239,64854,845.0
2024-05-17 06:00:00,22.549622696268216,142208,1984.0
2024-05-17 07:00:00,-187.36656079740715,270496,3827.0
2024-05-17 08:00:00,-287.7883385278601,287309,5147.0
2024-05-17 09:00:00,-472.06673837137805,196776,5300.0
2024-05-17 10:00:00,-46.006959036832995,154618,5611.0
2024-05-17 11:00:00,-193.19009210235345,151769,5918.0
2024-05-17 12:00:00,11.519868064171533,168728,6471.0
2024-05-17 13:00:00,155.30238544744407,193554,6921.0
2024-05-17 14:00:00,559.040097669711,241914,8155.0
2024-05-17 15:00:00,-198.89375132871646,293692,8326.0
2024-05-17 16:00:00,-249.05562901746453,317495,8238.0
2024-05-17 17:00:00,229.61193215705316,342500,9326.0
2024-05-17 18:00:00,222.61468854625855,276406,10309.0
2024-05-17 19:00:00,-694.6676328275098,197680,8765.0
2024-05-17 20:00:00,-413.297820229398,152342,7275.0
2024-05-17 21:00:00,-496.32218523445863,134507,7061.0
2024-05-17 22:00:00,778.0800945842966,114135,7817.0
2024-05-17 23:00:00,1218.19449714659,80277,8009.0
2024-05-18 00:00:00,536.426416801407,45269,6917.0
2024-05-18 01:00:00,30.719115679988136,20991,5128.0
2024-05-18 02:00:00,138.5507415473321,12163,3675.0
2024-05-18 03:00:00,-89.25963559705451,9050,2291.0
2024-05-18 04:00:00,-52.42504815589905,12706,1372.0
2024-05-18 05:00:00,-136.27741557597358,30741,820.0
2024-05-18 06:00:00,-1.7625721401618648,57251,1435.0
2024-05-18 07:00:00,-933.9919137295765,78791,1834.0
2024-05-18 08:00:00,-85.35198882861914,100316,2797.0
2024-05-18 09:00:00,686.8712871265898,123750,4293.0
2024-05-18 10:00:00,6.24534092950671,138659,5222.0
2024-05-18 11:00:00,74.05224932251076,163059,6060.0
2024-05-18 12:00:00,276.67956925667295,179660,6977.0
2024-05-18 13:00:00,-172.2713089495337,184742,7121.0
2024-05-18 14:00:00,-150.02731477029192,187566,7355.0
2024-05-18 15:00:00,1135.9472498149225,219011,8694.0
2024-05-18 16:00:00,-242.34916749816148,214421,8667.0
2024-05-18 17:00:00,24.691488265374574,201902,9149.0
2024-05-18 18:00:00,171.4812659846957,183806,9587.0
2024-05-18 19:00:00,637.8539208431248,152381,9116.0
2024-05-18 20:00:00,-1318.4126438856456,120174,6741.0
2024-05-18 21:00:00,516.7719781572814,106708,7107.0
2024-05-18 22:00:00,534.0841094851057,92581,7669.0
2024-05-18 23:00:00,1140.4417817600543,68924,8042.0
2024-05-19 00:00:00,161.2889092277619,39644,6853.0
2024-05-19 01:00:00,177.36237798166803,20189,5412.0
2024-05-19 02:00:00,-348.8067463529369,11829,3591.0
2024-05-19 03:00:00,78.06815971977312,8544,2304.0
2024-05-19 04:00:00,199.04419351943034,10607,1572.0
2024-05-19 05:00:00,-151.7196704042541,17689,806.0
2024-05-19 06:00:00,3.277970401205266,33226,1090.0
2024-05-19 07:00:00,-445.99700422247156,50040,1553.0
2024-05-19 08:00:00,360.74376055825314,69754,2519.0
2024-05-19 09:00:00,591.8922720896226,92443,3655.0
2024-05-19 10:00:00,733.1194477984272,112529,5192.0
2024-05-19 11:00:00,63.07543523047025,128245,6148.0
2024-05-19 12:00:00,76.94469027475407,148449,7010.0
2024-05-19 13:00:00,69.62140654357881,161141,7306.0
2024-05-19 14:00:00,279.70448163654146,171523,7722.0
2024-05-19 15:00:00,-383.7254666746603,168825,7113.0
2024-05-19 16:00:00,102.61316921011348,169589,6943.0
2024-05-19 17:00:00,-598.7828351319304,157473,6790.0
2024-05-19 18:00:00,121.76260499984437,154531,7039.0
2024-05-19 19:00:00,6.315255159471235,124450,6075.0
2024-05-19 20:00:00,51.187453779570205,103396,5483.0
2024-05-19 21:00:00,-430.9379311522598,81921,5363.0
2024-05-19 22:00:00,-492.23561752087335,62323,4375.0
2024-05-19 23:00:00,-455.1952011616672,38435,2645.0
2024-05-20 00:00:00,-50.45857180230769,17836,1669.0
2024-05-20 01:00:00,-485.01061118247117,8052,810.0
2024-05-20 02:00:00,-300.4430384740374,5029,335.0
2024-05-20 03:00:00,6.064382067031204,6220,290.0
2024-05-20 04:00:00,-6.361224834306995,17862,418.0
2024-05-20 05:00:00,137.91882521872617,67154,803.0
2024-05-20 06:00:00,251.619252183252,152180,2027.0
2024-05-20 07:00:00,662.3966691472319,297407,4182.0
2024-05-20 08:00:00,245.43219397624125,344648,5384.0
2024-05-20 09:00:00,-37.679536449006264,218152,5373.0
2024-05-20 10:00:00,-321.8794285600179,151348,5078.0
2024-05-20 11:00:00,15.325116332670405,140065,5371.0
2024-05-20 12:00:00,-180.7253840736712,149615,5762.0
2024-05-20 13:00:00,-44.98611837917815,170026,6078.0
2024-05-20 14:00:00,-201.1744513796557,211840,6566.0
2024-05-20 15:00:00,35.018638667012056,269929,6889.0
2024-05-20 16:00:00,-99.54592249573398,311424,6894.0
2024-05-20 17:00:00,-38.190652682765176,371898,7538.0
2024-05-20 18:00:00,-89.13000617291982,279017,7816.0
2024-05-20 19:00:00,55.318807288413154,174705,6566.0
2024-05-20 20:00:00,367.94564326265845,132073,6124.0
2024-05-20 21:00:00,135.30441432322732,109864,6627.0
2024-05-20 22:00:00,-789.8361923119674,72203,5275.0
2024-05-20 23:00:00,-246.83643026627533,42614,3014.0
2024-05-21 00:00:00,123.87368416302274,21555,1441.0
2024-05-21 01:00:00,43.993117959955725,7805,589.0
2024-05-21 02:00:00,73.79165934565424,4928,322.0
2024-05-21 03:00:00,-34.04336796770269,6375,202.0
2024-05-21 04:00:00,-9.049794349124113,18419,320.0
2024-05-21 05:00:00,22.512788389200864,69867,745.0
2024-05-21 06:00:00,-118.39131742131667,159633,1875.0
2024-05-21 07:00:00,235.6350763781279,318482,4207.0
2024-05-21 08:00:00,-36.30108311737604,399857,5815.0
2024-05-21 09:00:00,-514.1698814536812,249619,5763.0
2024-05-21 10:00:00,-100.97223323563867,161902,5736.0
2024-05-21 11:00:00,-107.07302909518694,146451,5965.0
2024-05-21 12:00:00,-279.5356687934882,154442,6242.0
2024-05-21 13:00:00,47.10745538984793,175398,6558.0
2024-05-21 14:00:00,72.27594832603609,221184,7254.0
2024-05-21 15:00:00,-200.83379687852903,282351,7419.0
2024-05-21 16:00:00,40.437487259765476,332689,7647.0
2024-05-21 17:00:00,351.8952200733711,422902,8896.0
2024-05-21 18:00:00,-314.11858613812547,312084,9275.0
2024-05-21 19:00:00,-867.9886185238174,193574,7490.0
2024-05-21 20:00:00,379.67993618396395,145828,7156.0
2024-05-21 21:00:00,413.0860794881146,121346,8359.0
2024-05-21 22:00:00,-482.49999245811705,93514,7513.0
2024-05-21 23:00:00,-675.3812663468852,50831,4692.0
2024-05-22 00:00:00,-125.82243303062296,24608,2137.0
2024-05-22 01:00:00,178.1765650493728,8969,835.0
2024-05-22 02:00:00,190.3360796333768,5643,425.0
2024-05-22 03:00:00,62.981936291460556,6451,268.0
2024-05-22 04:00:00,94.36600621861976,18431,394.0
2024-05-22 05:00:00,38.58717248629682,69762,764.0
2024-05-22 06:00:00,39.35148780091026,159001,2040.0
2024-05-22 07:00:00,245.18446707719522,317117,4452.0
2024-05-22 08:00:00,-242.95951770583451,395454,5959.0
2024-05-22 09:00:00,-563.6522704381305,249944,5942.0
2024-05-22 10:00:00,-315.6882728736091,164604,5780.0
2024-05-22 11:00:00,117.40830373344033,154056,6238.0
2024-05-22 12:00:00,-287.686324419783,165115,6424.0
2024-05-22 13:00:00,218.42055605020687,182977,6834.0
2024-05-22 14:00:00,12.19019764884797,225516,7472.0
2024-05-22 15:00:00,127.07981804507199,280522,7868.0
2024-05-22 16:00:00,-208.07940790256998,336923,7898.0
2024-05-22 17:00:00,679.5252275490839,422888,9637.0
2024-05-22 18:00:00,173.41097335725317,324628,10459.0
2024-05-22 19:00:00,-679.2719164076188,200373,8392.0
2024-05-22 20:00:00,172.47265595630233,148889,7655.0
2024-05-22 21:00:00,178.87409883957116,123301,8507.0
2024-05-22 22:00:00,115.86736870236564,100000,8445.0
2024-05-22 23:00:00,-500.05818644578267,60422,6064.0
2024-05-23 00:00:00,-684.0852459442226,26250,2835.0
2024-05-23 01:00:00,283.3390849713039,10317,1327.0
2024-05-23 02:00:00,48.605686259679146,5866,633.0
2024-05-23 03:00:00,84.86336354350902,6778,410.0
2024-05-23 04:00:00,19.94918464393976,18436,468.0
2024-05-23 05:00:00,71.96264953776222,68487,908.0
2024-05-23 06:00:00,-65.02916162554902,153177,2144.0
2024-05-23 07:00:00,267.3836916133596,298686,4583.0
2024-05-23 08:00:00,-253.9604550601398,360897,6021.0
2024-05-23 09:00:00,417.7621998483246,236374,6970.0
2024-05-23 10:00:00,-1003.642871985363,146059,6088.0
2024-05-23 11:00:00,-697.7255350569994,146450,5497.0
2024-05-23 12:00:00,71.48749334661079,151623,6106.0
2024-05-23 13:00:00,-172.59113322347002,170945,6498.0
2024-05-23 14:00:00,-33.247405897718636,221010,7310.0
2024-05-23 15:00:00,-442.8010096109392,283046,7412.0
2024-05-23 16:00:00,-51.287354239144406,319790,7772.0
2024-05-23 17:00:00,-290.87691552304386,385669,8808.0
2024-05-23 18:00:00,-730.1351280915369,293228,9180.0
2024-05-23 19:00:00,-1320.415501084679,189390,7007.0
2024-05-23 20:00:00,-323.02592746535447,143758,6267.0
2024-05-23 21:00:00,-651.3727591541119,120937,6803.0
2024-05-23 22:00:00,-818.7995380156935,88827,6509.0
2024-05-23 23:00:00,-489.92955245420126,58442,5038.0
2024-05-24 00:00:00,652.2874375590568,31013,3965.0
2024-05-24 01:00:00,-359.22510259225874,12247,2158.0
2024-05-24 02:00:00,61.25465836076387,6947,1110.0
2024-05-24 03:00:00,184.80760459251462,7283,686.0
2024-05-24 04:00:00,260.9397769001174,17877,780.0
2024-05-24 05:00:00,114.21237576808005,64072,1041.0
2024-05-24 06:00:00,-165.79242936675064,137864,1859.0
2024-05-24 07:00:00,-174.91012873721684,248783,3436.0
2024-05-24 08:00:00,-641.865145151748,257918,4210.0
2024-05-24 09:00:00,368.4282803593542,182071,5266.0
2024-05-24 10:00:00,-98.6469083407992,150197,5726.0
2024-05-24 11:00:00,-536.8731652150964,151521,5509.0
2024-05-24 12:00:00,72.57270559773951,172695,5974.0
2024-05-24 13:00:00,-106.05990373704117,200142,6267.0
2024-05-24 14:00:00,2.866474260659743,251274,7084.0
2024-05-24 15:00:00,-252.14063647617513,294918,7282.0
2024-05-24 16:00:00,-612.3433768490813,293185,6945.0
2024-05-24 17:00:00,-641.1947169688046,287927,7339.0
2024-05-24 18:00:00,-1543.1403057935113,236059,6756.0
2024-05-24 19:00:00,-283.5325828852947,177878,5805.0
2024-05-24 20:00:00,-852.3288345781548,139385,4835.0
2024-05-24 21:00:00,-647.6910530449723,121126,5098.0
2024-05-24 22:00:00,-134.0119920983925,104796,5446.0
2024-05-24 23:00:00,105.34879467241808,73649,5179.0
2024-05-25 00:00:00,-600.3713930433787,39632,3960.0
2024-05-25 01:00:00,-413.30909697088373,18714,2811.0
2024-05-25 02:00:00,-229.02455074944373,11217,2023.0
2024-05-25 03:00:00,-141.77606580410952,8045,1399.0
2024-05-25 04:00:00,-36.23447232367994,11176,1076.0
2024-05-25 05:00:00,-528.4378134063682,22308,498.0
2024-05-25 06:00:00,-396.78753156561083,43953,895.0
2024-05-25 07:00:00,-983.1104328512729,66983,1363.0
2024-05-25 08:00:00,-457.1695429422989,83854,2040.0
2024-05-25 09:00:00,-22.954671027581753,104452,3035.0
2024-05-25 10:00:00,-349.3387258571611,120277,3890.0
2024-05-25 11:00:00,-404.316619874171,136871,4603.0
2024-05-25 12:00:00,-719.0921929441647,152939,4971.0
2024-05-25 13:00:00,-404.69982699726006,162850,5309.0
2024-05-25 14:00:00,-1021.1031055371895,166098,5283.0
2024-05-25 15:00:00,-811.4716728146486,175814,5355.0
2024-05-25 16:00:00,-563.4306839941892,184959,5688.0
2024-05-25 17:00:00,-1355.221651404835,175850,5808.0
2024-05-25 18:00:00,-1151.8615501912345,160750,5640.0
2024-05-25 19:00:00,121.62162036233349,143700,5542.0
2024-05-25 20:00:00,-963.6582816063783,118253,4553.0
2024-05-25 21:00:00,-771.6525701785431,99764,4602.0
2024-05-25 22:00:00,170.41758653625402,90940,5220.0
2024-05-25 23:00:00,-517.5404799160433,62401,4534.0
2024-05-26 00:00:00,-83.61857531389978,34460,3713.0
2024-05-26 01:00:00,-464.4503842087429,17427,2655.0
2024-05-26 02:00:00,-91.9900254525187,10615,1983.0
2024-05-26 03:00:00,101.36739758913745,7782,1543.0
2024-05-26 04:00:00,3.6543549461759994,9910,1143.0
2024-05-26 05:00:00,-261.953749123599,16649,517.0
2024-05-26 06:00:00,-95.41510675650875,31274,811.0
2024-05-26 07:00:00,-645.8236359699815,46305,1106.0
2024-05-26 08:00:00,-73.29075240824591,63577,1683.0
2024-05-26 09:00:00,548.8136483732133,85810,2746.0
2024-05-26 10:00:00,-172.52460909691172,106490,3467.0
2024-05-26 11:00:00,-239.76097712807677,121944,4155.0
2024-05-26 12:00:00,5.110385065822811,138866,5077.0
2024-05-26 13:00:00,-71.43211880840045,149908,5600.0
2024-05-26 14:00:00,-482.94007810199946,153112,5719.0
2024-05-26 15:00:00,-461.46374803939034,157372,5298.0
2024-05-26 16:00:00,78.59792203676352,160398,5459.0
2024-05-26 17:00:00,-360.7929322200034,153197,5761.0
2024-05-26 18:00:00,-285.22655995147215,143549,5708.0
2024-05-26 19:00:00,158.25532165844015,120701,4846.0
2024-05-26 20:00:00,66.42388041206868,101729,4418.0
2024-05-26 21:00:00,-743.9049236432802,85827,4119.0
2024-05-26 22:00:00,618.8215486598197,70235,4388.0
2024-05-26 23:00:00,648.6387875801975,45841,3736.0
2024-05-27 00:00:00,481.91991624869524,26195,2899.0
2024-05-27 01:00:00,-118.6318715754087,12109,1718.0
2024-05-27 02:00:00,46.7351293704146,6738,997.0
2024-05-27 03:00:00,135.56645507299356,5493,703.0
2024-05-27 04:00:00,237.26163940238462,9649,813.0
2024-05-27 05:00:00,-322.29870148020643,21901,554.0
2024-05-27 06:00:00,-536.722822447711,42471,832.0
2024-05-27 07:00:00,-1127.9763304130652,58349,1261.0
2024-05-27 08:00:00,-1122.2333334116024,69393,1438.0
2024-05-27 09:00:00,-256.9072772513223,76916,2107.0
2024-05-27 10:00:00,-307.91872984981137,88943,2874.0
2024-05-27 11:00:00,-568.8571204697714,101656,3403.0
2024-05-27 12:00:00,-209.92596637042607,115381,4250.0
2024-05-27 13:00:00,446.64134698566704,129101,5509.0
2024-05-27 14:00:00,1118.5920155983904,137920,7475.0
2024-05-27 15:00:00,-1651.1004007264255,134020,5935.0
2024-05-27 16:00:00,-1041.574498397924,123243,4536.0
2024-05-27 17:00:00,-782.5406232436162,122579,4550.0
2024-05-27 18:00:00,-945.4046369446887,108508,4477.0
2024-05-27 19:00:00,364.22440132909696,89301,4401.0
2024-05-27 20:00:00,-816.678012417563,73223,3745.0
2024-05-27 21:00:00,-1273.7372982086526,60669,3416.0
2024-05-27 22:00:00,-927.1091657615721,47549,2597.0
2024-05-27 23:00:00,383.0332590911389,30470,2089.0
2024-05-28 00:00:00,185.4283702411035,14830,1562.0
2024-05-28 01:00:00,-111.99700323123898,6401,925.0
2024-05-28 02:00:00,-281.8111077422591,4367,332.0
2024-05-28 03:00:00,-20.87832050868576,5894,171.0
2024-05-28 04:00:00,-32.1355010304444,17875,318.0
2024-05-28 05:00:00,62.40822054732712,68304,761.0
2024-05-28 06:00:00,-3.0426154051458525,153535,1833.0
2024-05-28 07:00:00,404.7291446259169,307715,3862.0
2024-05-28 08:00:00,174.09396390617167,380378,5130.0
2024-05-28 09:00:00,-141.85023074040237,234036,5124.0
2024-05-28 10:00:00,50.487083383669415,153944,5208.0
2024-05-28 11:00:00,-23.6981932604358,141599,5440.0
2024-05-28 12:00:00,-117.08971169942106,149899,5726.0
2024-05-28 13:00:00,267.6161600578271,170829,6354.0
2024-05-28 14:00:00,-502.04804918782975,215460,6709.0
2024-05-28 15:00:00,159.63397421647733,273472,7073.0
2024-05-28 16:00:00,-354.3025237985985,316830,6727.0
2024-05-28 17:00:00,-108.7391982389936,395613,7241.0
2024-05-28 18:00:00,-127.7169601806936,296081,7489.0
2024-05-28 19:00:00,8.809882904822189,183334,6391.0
2024-05-28 20:00:00,91.85087350217327,138072,5909.0
2024-05-28 21:00:00,-244.95545096270143,110653,6310.0
2024-05-28 22:00:00,-1109.2333012234049,79806,4893.0
2024-05-28 23:00:00,-87.82806210272201,46639,3208.0
2024-05-29 00:00:00,-15.575279491240508,22949,1651.0
2024-05-29 01:00:00,-5.953132654829233,8485,669.0
2024-05-29 02:00:00,140.77983014201448,5020,363.0
2024-05-29 03:00:00,61.62334198301437,6154,253.0
2024-05-29 04:00:00,-19.249100092538015,18364,298.0
2024-05-29 05:00:00,16.185133764496527,69487,644.0
2024-05-29 06:00:00,-59.6631770894212,157591,1769.0
2024-05-29 07:00:00,317.09345565482454,316267,4060.0
2024-05-29 08:00:00,-19.808843615016485,397499,5573.0
2024-05-29 09:00:00,-294.36402315231044,247101,5688.0
2024-05-29 10:00:00,-418.8751664308711,160198,5387.0
2024-05-29 11:00:00,206.5430425584309,146257,5918.0
2024-05-29 12:00:00,-54.90931486756199,156995,6355.0
2024-05-29 13:00:00,-411.66870751816987,176131,6236.0
2024-05-29 14:00:00,61.87325097865323,221861,6859.0
2024-05-29 15:00:00,-390.2983056969779,277944,6874.0
2024-05-29 16:00:00,-242.04255547254888,325352,6864.0
2024-05-29 17:00:00,-75.9775577487926,415709,7884.0
2024-05-29 18:00:00,-427.10363403905285,309621,8309.0
2024-05-29 19:00:00,32.156463613760934,199441,7370.0
2024-05-29 20:00:00,780.6942277560702,155162,7597.0
2024-05-29 21:00:00,3440.6311947398444,120989,11652.0
2024-05-29 22:00:00,-2561.5845945317087,85187,8477.0
2024-05-29 23:00:00,-978.4880766396536,47443,4484.0
2024-05-30 00:00:00,197.98470069316386,22505,2177.0
2024-05-30 01:00:00,175.52131700425286,8482,1063.0
2024-05-30 02:00:00,4.457929700662362,5163,522.0
2024-05-30 03:00:00,64.73768751385165,6548,359.0
2024-05-30 04:00:00,-89.24081340078686,18014,326.0
2024-05-30 05:00:00,127.71600277347477,68482,796.0
2024-05-30 06:00:00,21.72721913078749,154433,2033.0
2024-05-30 07:00:00,333.0076003816357,309764,4366.0
2024-05-30 08:00:00,-106.14652467047017,382175,5800.0
2024-05-30 09:00:00,-591.4216196185207,242444,5815.0
2024-05-30 10:00:00,-244.60056623568926,160006,5728.0
2024-05-30 11:00:00,-84.07002187806575,145549,5867.0
2024-05-30 12:00:00,181.93566927990287,154001,6488.0
2024-05-30 13:00:00,-299.29027581459195,174638,6446.0
2024-05-30 14:00:00,97.9546563401891,220429,7077.0
2024-05-30 15:00:00,-21.21316727847079,280337,7310.0
2024-05-30 16:00:00,-78.01590177929393,327951,7407.0
2024-05-30 17:00:00,305.6396381761788,408886,8609.0
2024-05-30 18:00:00,-311.8939316641772,306632,8846.0
2024-05-30 19:00:00,218.71743991865878,198075,7741.0
2024-05-30 20:00:00,194.04212076546173,149917,7179.0
2024-05-30 21:00:00,-94.19214998069947,123329,7966.0
2024-05-30 22:00:00,-354.14941496056053,91216,7365.0
2024-05-30 23:00:00,915.008089129411,61556,6425.0
2024-05-31 00:00:00,-943.6648923939792,28931,3426.0
2024-05-31 01:00:00,58.823172979866285,11279,1665.0
2024-05-31 02:00:00,250.46427741090963,6641,978.0
2024-05-31 03:00:00,104.8735634360437,7075,621.0
2024-05-31 04:00:00,-11.058794912362771,18136,481.0
2024-05-31 05:00:00,22.72185504865854,66268,705.0
2024-05-31 06:00:00,-72.7976172957633,142799,1682.0
2024-05-31 07:00:00,165.54485295034328,265948,3607.0
2024-05-31 08:00:00,-281.2098837965914,282911,4583.0
2024-05-31 09:00:00,-228.95600656367697,191915,4827.0
2024-05-31 10:00:00,-209.54322079245776,149781,5056.0
2024-05-31 11:00:00,94.22101841173753,145292,5596.0
2024-05-31 12:00:00,-179.74224373089146,159470,5962.0
2024-05-31 13:00:00,152.53347198808206,187206,6356.0
2024-05-31 14:00:00,181.98415145022773,236635,7119.0
2024-05-31 15:00:00,-16.47087691573961,287890,7312.0
2024-05-31 16:00:00,163.67051940308374,307357,7447.0
2024-05-31 17:00:00,-29.12605393119793,326207,8021.0
2024-05-31 18:00:00,168.7113457766627,265540,8251.0
2024-05-31 19:00:00,315.1228752463712,188414,7160.0
2024-05-31 20:00:00,-242.01910734328158,143123,5940.0
2024-05-31 21:00:00,127.58623444500154,125554,6292.0
2024-05-31 22:00:00,1154.0559901846755,110244,7199.0
2024-05-31 23:00:00,955.4579455762369,71569,6983.0
2024-06-01 00:00:00,1070.1741086846705,41758,6238.0
2024-06-01 01:00:00,757.1164798720447,19049,5158.0
2024-06-01 02:00:00,-32.02600275520035,10489,3490.0
2024-06-01 03:00:00,-35.57040586957737,8114,2060.0
2024-06-01 04:00:00,-53.341708769500656,11443,1191.0
2024-06-01 05:00:00,-314.04813521608537,24242,555.0
2024-06-01 06:00:00,-195.07210088687634,47974,1028.0
2024-06-01 07:00:00,-749.3671102050639,71767,1675.0
2024-06-01 08:00:00,-182.84890424524428,90195,2512.0
2024-06-01 09:00:00,804.6842750378055,107731,3964.0
2024-06-01 10:00:00,387.4904407224758,121995,5077.0
2024-06-01 11:00:00,327.1373903021313,135957,5963.0
2024-06-01 12:00:00,470.6391297223663,154614,6760.0
2024-06-01 13:00:00,659.0219164835371,171380,7382.0
2024-06-01 14:00:00,212.3480163190643,179013,7612.0
2024-06-01 15:00:00,620.971920015575,180740,7800.0
2024-06-01 16:00:00,437.42687257603575,182058,7862.0
2024-06-01 17:00:00,403.1715995839031,185698,8396.0
2024-06-01 18:00:00,957.7564372297393,172904,9045.0
2024-06-01 19:00:00,1079.461705098979,150629,8510.0
2024-06-01 20:00:00,-637.7361860663523,117966,6453.0
2024-06-01 21:00:00,314.3978298597649,103174,6317.0
2024-06-01 22:00:00,1792.1429207727879,100904,7698.0
2024-06-01 23:00:00,1454.931501062645,72141,7958.0
2024-06-02 00:00:00,759.6686387595619,38374,6815.0
2024-06-02 01:00:00,743.0404159330355,19722,5604.0
2024-06-02 02:00:00,93.24541655197527,11484,3972.0
2024-06-02 03:00:00,114.99315354775945,7887,2545.0
2024-06-02 04:00:00,-0.1727530195928466,9831,1466.0
2024-06-02 05:00:00,-38.56667937303905,17582,734.0
2024-06-02 06:00:00,13.560479405488195,32597,1030.0
2024-06-02 07:00:00,-484.0455074849649,47946,1402.0
2024-06-02 08:00:00,263.6092816393418,65074,2173.0
2024-06-02 09:00:00,1045.0060811888834,86689,3601.0
2024-06-02 10:00:00,701.5433381775438,106529,4868.0
2024-06-02 11:00:00,234.67853074039158,121321,5541.0
2024-06-02 12:00:00,180.34876814511153,137320,6047.0
2024-06-02 13:00:00,185.59011935102535,148949,6334.0
2024-06-02 14:00:00,178.72570891202486,157675,6732.0
2024-06-02 15:00:00,181.15368494026916,160786,6683.0
2024-06-02 16:00:00,-13.915010521270233,162262,6412.0
2024-06-02 17:00:00,-53.597139526311366,152869,6722.0
2024-06-02 18:00:00,-262.4616786137476,134619,6567.0
2024-06-02 19:00:00,173.03575404777075,108379,5562.0
2024-06-02 20:00:00,22.995994646324107,91093,4869.0
2024-06-02 21:00:00,-38.67822127086856,79403,5050.0
2024-06-02 22:00:00,-1127.6066314704713,60178,3745.0
2024-06-02 23:00:00,-273.6405675994297,35756,2577.0
2024-06-03 00:00:00,-572.637963108767,17615,1578.0
2024-06-03 01:00:00,-908.2048766582584,7635,583.0
2024-06-03 02:00:00,-309.1913089574166,4947,359.0
2024-06-03 03:00:00,-312.193278341158,5994,226.0
2024-06-03 04:00:00,-134.82965947333577,17928,328.0
2024-06-03 05:00:00,227.67530459238935,66888,798.0
2024-06-03 06:00:00,331.20197080839444,150322,1918.0
2024-06-03 07:00:00,1256.9323234396138,301487,4132.0
2024-06-03 08:00:00,1137.2451529345035,356035,5474.0
2024-06-03 09:00:00,506.1186489738948,212617,5399.0
2024-06-03 10:00:00,520.0877225819077,144795,5429.0
2024-06-03 11:00:00,471.75407880429884,134662,5731.0
2024-06-03 12:00:00,162.4330042861975,143602,5952.0
2024-06-03 13:00:00,217.48753210611903,163912,6227.0
2024-06-03 14:00:00,174.27313597161537,205786,7038.0
2024-06-03 15:00:00,174.36752793268352,264216,7145.0
2024-06-03 16:00:00,482.4308568515344,303435,7062.0
2024-06-03 17:00:00,928.9218629652723,367410,7909.0
2024-06-03 18:00:00,928.9681040617133,271856,8320.0
2024-06-03 19:00:00,197.68864562899762,171520,6622.0
2024-06-03 20:00:00,1085.6268729932463,127632,6251.0
2024-06-03 21:00:00,275.92547746882246,97123,6239.0
2024-06-03 22:00:00,725.0803785726976,70923,5649.0
2024-06-03 23:00:00,-204.32642366117807,42318,3297.0
2024-06-04 00:00:00,93.28427798453754,21957,1599.0
2024-06-04 01:00:00,-2.9402177908793874,8045,662.0
2024-06-04 02:00:00,2.957194846931884,5259,312.0
2024-06-04 03:00:00,-49.76003091370387,6425,175.0
2024-06-04 04:00:00,-51.52653281737673,18610,285.0
2024-06-04 05:00:00,33.76293742986945,70016,769.0
2024-06-04 06:00:00,-53.08440939153843,154550,1963.0
2024-06-04 07:00:00,382.7862791806929,301093,4287.0
2024-06-04 08:00:00,135.74852674971135,401407,5864.0
2024-06-04 09:00:00,-40.993866902391346,247573,6122.0
2024-06-04 10:00:00,24.876045599556164,160543,6170.0
2024-06-04 11:00:00,-102.66431553109942,150934,6206.0
2024-06-04 12:00:00,290.1461468783091,159852,6725.0
2024-06-04 13:00:00,96.08489473173722,175188,6997.0
2024-06-04 14:00:00,118.95101439787322,209455,7523.0
2024-06-04 15:00:00,81.3413109818157,264871,7702.0
2024-06-04 16:00:00,313.51855261431047,325216,7924.0
2024-06-04 17:00:00,351.4090381414426,427514,8796.0
2024-06-04 18:00:00,325.37184135983625,316141,9243.0
2024-06-04 19:00:00,119.84205798473886,191609,7817.0
2024-06-04 20:00:00,604.806043556142,144618,7367.0
2024-06-04 21:00:00,947.3933181608663,125639,8464.0
2024-06-04 22:00:00,-255.60720324055183,87067,7288.0
2024-06-04 23:00:00,-317.077992821286,48193,4530.0
2024-06-05 00:00:00,-128.2406161889171,23559,2029.0
2024-06-05 01:00:00,242.0118433222783,8755,850.0
2024-06-05 02:00:00,127.56662668159788,5437,431.0
2024-06-05 03:00:00,29.192794419593156,6549,265.0
2024-06-05 04:00:00,-41.17617477610588,18644,281.0
2024-06-05 05:00:00,106.64240451698447,70002,729.0
2024-06-05 06:00:00,173.53395529861564,157050,2090.0
2024-06-05 07:00:00,561.8844652043203,315614,4602.0
2024-06-05 08:00:00,346.91530131693435,407543,6417.0
2024-06-05 09:00:00,-532.8708821720566,251946,6208.0
2024-06-05 10:00:00,44.93874813291404,162762,6174.0
2024-06-05 11:00:00,167.42614826890258,148394,6548.0
2024-06-05 12:00:00,-0.9815596007329077,158784,6922.0
2024-06-05 13:00:00,161.0400702848201,179278,7164.0
2024-06-05 14:00:00,115.39382359403317,221044,7653.0
2024-06-05 15:00:00,233.14783512632675,276593,7903.0
2024-06-05 16:00:00,183.81310816708265,333422,8025.0
2024-06-05 17:00:00,536.8611029203876,429541,9194.0
2024-06-05 18:00:00,670.9033483499625,314763,10156.0
2024-06-05 19:00:00,3.9990935244150023,191852,8738.0
2024-06-05 20:00:00,427.58882681829346,144212,8203.0
2024-06-05 21:00:00,-122.88513442834665,122138,9158.0
2024-06-05 22:00:00,-158.6583270959618,93763,8630.0
2024-06-05 23:00:00,-583.3260896075044,51824,5685.0
2024-06-06 00:00:00,-25.552205343687092,25949,3021.0
2024-06-06 01:00:00,190.69487192532756,9712,1533.0
2024-06-06 02:00:00,-104.3897647377396,5646,632.0
2024-06-06 03:00:00,96.95873822506456,6884,382.0
2024-06-06 04:00:00,-9.118133190842912,17483,402.0
2024-06-06 05:00:00,212.92678891675905,64272,973.0
2024-06-06 06:00:00,37.56137870195971,138689,2251.0
2024-06-06 07:00:00,406.2275072496286,257787,4657.0
2024-06-06 08:00:00,27.83547911847927,352834,6246.0
2024-06-06 09:00:00,-272.9510261289561,238503,6354.0
2024-06-06 10:00:00,88.66816390832173,161056,6509.0
2024-06-06 11:00:00,199.18333423294462,148301,6923.0
2024-06-06 12:00:00,-134.40022654703353,156983,7130.0
2024-06-06 13:00:00,142.6781682026176,172461,7325.0
2024-06-06 14:00:00,1241.3619347030071,201618,8961.0
2024-06-06 15:00:00,375.3784583400138,257937,9397.0
2024-06-06 16:00:00,-64.18281711626696,306935,8966.0
2024-06-06 17:00:00,433.98414818493256,386686,9762.0
2024-06-06 18:00:00,457.0879230980772,293582,10450.0
2024-06-06 19:00:00,-543.950795109813,187479,8517.0
2024-06-06 20:00:00,418.4873921335202,143805,7947.0
2024-06-06 21:00:00,602.0097527524849,124157,9117.0
2024-06-06 22:00:00,-744.6340107428732,92851,8068.0
2024-06-06 23:00:00,251.38740959607821,63001,6537.0
2024-06-07 00:00:00,-338.3902187928725,30445,3962.0
2024-06-07 01:00:00,-51.489949956424425,11830,2037.0
2024-06-07 02:00:00,196.85592813002518,6972,1144.0
2024-06-07 03:00:00,80.55712172040353,7348,670.0
2024-06-07 04:00:00,161.68179743603275,18182,639.0
2024-06-07 05:00:00,127.38277675139238,65000,941.0
2024-06-07 06:00:00,-40.46436331661698,138534,1923.0
2024-06-07 07:00:00,32.326158967265656,250678,3739.0
2024-06-07 08:00:00,-88.61849041251571,275176,4992.0
2024-06-07 09:00:00,-26.644708140727744,193262,5402.0
2024-06-07 10:00:00,148.77613347346232,152312,5848.0
2024-06-07 11:00:00,214.5233928729849,150066,6487.0
2024-06-07 12:00:00,-47.65522726153722,166184,6824.0
2024-06-07 13:00:00,161.27180731293356,191049,7085.0
2024-06-07 14:00:00,252.5502726268087,237607,7904.0
2024-06-07 15:00:00,299.50729595870234,293222,8461.0
2024-06-07 16:00:00,-68.15620459300408,317079,8407.0
2024-06-07 17:00:00,-100.19798766352324,332459,8833.0
2024-06-07 18:00:00,157.4999704414913,263655,9249.0
2024-06-07 19:00:00,198.30276314803632,193483,8148.0
2024-06-07 20:00:00,-912.6359886815108,148210,6259.0
2024-06-07 21:00:00,407.20473454369494,133409,6984.0
2024-06-07 22:00:00,552.4143085324658,132071,7625.0
2024-06-07 23:00:00,1862.9501791609464,81748,8485.0
2024-06-08 00:00:00,-402.4062468977563,46783,6584.0
2024-06-08 01:00:00,164.5955984102884,21889,4935.0
2024-06-08 02:00:00,172.41127769200375,12569,3675.0
2024-06-08 03:00:00,-178.30339471798834,8884,2296.0
2024-06-08 04:00:00,-118.6746287031192,12347,1338.0
2024-06-08 05:00:00,-336.59053025409685,25327,642.0
2024-06-08 06:00:00,-273.1299713101571,49902,1044.0
2024-06-08 07:00:00,-604.1501932635788,73546,1885.0
2024-06-08 08:00:00,-158.905889898223,92119,2874.0
2024-06-08 09:00:00,451.5716077656907,112220,4144.0
2024-06-08 10:00:00,245.03596174838913,132101,5322.0
2024-06-08 11:00:00,-0.764777465105908,149343,6186.0
2024-06-08 12:00:00,40.29846963057753,169336,6918.0
2024-06-08 13:00:00,-91.35003522004718,183354,7202.0
2024-06-08 14:00:00,-552.10899815006,190438,7168.0
2024-06-08 15:00:00,175.65551225883428,204070,7591.0
2024-06-08 16:00:00,332.2466388510802,204948,8225.0
2024-06-08 17:00:00,-336.25972383432236,200575,8665.0
2024-06-08 18:00:00,-299.68058204517365,184387,8710.0
2024-06-08 19:00:00,539.9981156786052,153234,8255.0
2024-06-08 20:00:00,-1312.9877476253268,126379,6037.0
2024-06-08 21:00:00,472.10618167173106,119492,6565.0
2024-06-08 22:00:00,1095.8881917728768,125744,7894.0
2024-06-08 23:00:00,716.0121593539343,88288,8172.0
2024-06-09 00:00:00,-533.5132881988156,47583,6304.0
2024-06-09 01:00:00,147.11396661583785,23298,4987.0
2024-06-09 02:00:00,-159.51431246484208,12853,3684.0
2024-06-09 03:00:00,-21.584551682832625,8815,2540.0
2024-06-09 04:00:00,-143.13925862692076,10594,1486.0
2024-06-09 05:00:00,-112.5743786974806,18194,733.0
2024-06-09 06:00:00,3.7754901559815153,32808,1057.0
2024-06-09 07:00:00,-304.8322523805034,47947,1690.0
2024-06-09 08:00:00,170.11496204517243,66757,2487.0
2024-06-09 09:00:00,1003.7411339964615,87770,3960.0
2024-06-09 10:00:00,215.43939689626495,104556,4930.0
2024-06-09 11:00:00,-125.99847238357597,117763,5423.0
2024-06-09 12:00:00,-193.01781292877968,136079,5746.0
2024-06-09 13:00:00,210.33412752791355,153204,6223.0
2024-06-09 14:00:00,-88.26729248029369,163463,6589.0
2024-06-09 15:00:00,-210.10259184903862,163833,6427.0
2024-06-09 16:00:00,48.0910859159485,164807,6498.0
2024-06-09 17:00:00,-456.4994885169199,166686,6697.0
2024-06-09 18:00:00,-162.1493377083316,144107,6740.0
2024-06-09 19:00:00,-235.77964818039436,115881,5433.0
2024-06-09 20:00:00,108.05485130129,96278,4812.0
2024-06-09 21:00:00,-383.7340159712985,93255,4898.0
2024-06-09 22:00:00,-275.74521320689564,90709,4369.0
2024-06-09 23:00:00,-23.866433422998398,41132,3279.0
2024-06-10 00:00:00,-740.8732282183332,20009,1580.0
2024-06-10 01:00:00,-337.8076077422056,8392,648.0
2024-06-10 02:00:00,-230.71525530318968,5340,342.0
2024-06-10 03:00:00,-113.136923577022,6429,297.0
2024-06-10 04:00:00,29.874258650117326,18496,476.0
2024-06-10 05:00:00,176.23145891717422,67483,914.0
2024-06-10 06:00:00,319.6120586811933,149429,2184.0
2024-06-10 07:00:00,377.55830911296243,296317,4058.0
2024-06-10 08:00:00,613.1916376371901,352515,5608.0
2024-06-10 09:00:00,-465.3462573938932,214252,5253.0
2024-06-10 10:00:00,194.37244543400357,146972,5418.0
2024-06-10 11:00:00,-191.89747285489557,137381,5532.0
2024-06-10 12:00:00,-121.6466437986146,145907,5768.0
2024-06-10 13:00:00,-97.64159169880077,166349,5919.0
2024-06-10 14:00:00,3.005405053360846,206852,6525.0
2024-06-10 15:00:00,-112.32620349339686,265528,6658.0
2024-06-10 16:00:00,-6.679798497872071,304451,6754.0
2024-06-10 17:00:00,-101.3274871068943,368583,7370.0
2024-06-10 18:00:00,-398.0591028177323,273208,7324.0
2024-06-10 19:00:00,597.7924515298573,174172,6636.0
2024-06-10 20:00:00,16.889064060996134,128570,5972.0
2024-06-10 21:00:00,-162.19096562260802,99277,6049.0
2024-06-10 22:00:00,-197.57169807207447,74237,5289.0
2024-06-10 23:00:00,-310.99588584208914,42652,3219.0
2024-06-11 00:00:00,-189.78131897922844,22167,1358.0
2024-06-11 01:00:00,113.70964476044219,7928,528.0
2024-06-11 02:00:00,34.40259511948727,5249,282.0
2024-06-11 03:00:00,-51.27010598053448,6480,195.0
2024-06-11 04:00:00,-98.8665566793037,18891,278.0
2024-06-11 05:00:00,15.794894569245571,70651,754.0
2024-06-11 06:00:00,-200.39230824629294,156792,1861.0
2024-06-11 07:00:00,240.3036807117469,317957,4123.0
2024-06-11 08:00:00,101.72688620026929,409038,5860.0
2024-06-11 09:00:00,-719.079739453613,250962,5663.0
2024-06-11 10:00:00,-195.79205577282664,159989,5691.0
2024-06-11 11:00:00,-1.309504766473765,144630,6108.0
2024-06-11 12:00:00,-233.04523539099682,152928,6422.0
2024-06-11 13:00:00,-49.97245146919704,172518,6674.0
2024-06-11 14:00:00,25.13200116022017,216274,7303.0
2024-06-11 15:00:00,233.37126342857846,274687,7801.0
2024-06-11 16:00:00,-447.9911214912472,326130,7516.0
2024-06-11 17:00:00,72.66828671565054,418069,8325.0
2024-06-11 18:00:00,319.79331188863944,304100,9121.0
2024-06-11 19:00:00,-371.833519862249,187313,7626.0
2024-06-11 20:00:00,58.092865057498784,131869,6918.0
2024-06-11 21:00:00,449.09492446577497,109753,7980.0
2024-06-11 22:00:00,-671.0920639654232,82243,6957.0
2024-06-11 23:00:00,-837.1627907236216,46342,4082.0
2024-06-12 00:00:00,13.695788506968256,24361,1883.0
2024-06-12 01:00:00,188.80323816777695,8784,811.0
2024-06-12 02:00:00,110.26303644567366,5414,430.0
2024-06-12 03:00:00,68.4939616800109,6710,320.0
2024-06-12 04:00:00,-61.352105619130725,18522,310.0
2024-06-12 05:00:00,38.08485030283737,66880,686.0
2024-06-12 06:00:00,-62.01789418458952,151532,1853.0
2024-06-12 07:00:00,337.615347736079,307810,4246.0
2024-06-12 08:00:00,-373.3919933327361,392278,5587.0
2024-06-12 09:00:00,-479.87626147339324,245571,5613.0
2024-06-12 10:00:00,-202.7324298952426,156871,5698.0
2024-06-12 11:00:00,-148.05045031625377,144597,6064.0
2024-06-12 12:00:00,-223.1330911688201,152790,6450.0
2024-06-12 13:00:00,91.31047914827013,170461,6925.0
2024-06-12 14:00:00,-591.1906304081494,212723,6985.0
2024-06-12 15:00:00,-209.27177725701404,262929,7099.0
2024-06-12 16:00:00,-59.34070897968468,314125,7383.0
2024-06-12 17:00:00,-76.602827776489,401659,8400.0
2024-06-12 18:00:00,-657.3642294915117,297717,8597.0
2024-06-12 19:00:00,-134.60164033875662,186709,7578.0
2024-06-12 20:00:00,4.612468871035162,140093,7199.0
2024-06-12 21:00:00,387.8127863356294,114596,8519.0
2024-06-12 22:00:00,-209.031307622472,94301,8259.0
2024-06-12 23:00:00,-641.4797991347359,52588,5639.0
2024-06-13 00:00:00,-889.9093543210238,26147,2369.0
2024-06-13 01:00:00,251.6730219921269,9606,1065.0
2024-06-13 02:00:00,112.52939858490214,5885,618.0
2024-06-13 03:00:00,-51.576023459623514,6836,374.0
2024-06-13 04:00:00,-51.79075793383805,18206,374.0
2024-06-13 05:00:00,-21.095937975336255,66035,743.0
2024-06-13 06:00:00,-232.9190580232455,146770,1780.0
2024-06-13 07:00:00,-35.04929615573019,295959,3844.0
2024-06-13 08:00:00,277.1945733851171,374142,5839.0
2024-06-13 09:00:00,-734.8272380943017,241504,5778.0
2024-06-13 10:00:00,-502.41472869509744,162006,5578.0
2024-06-13 11:00:00,167.89632021636862,148637,6313.0
2024-06-13 12:00:00,-163.58151030445697,158411,6862.0
2024-06-13 13:00:00,-354.00732797319324,176741,6895.0
2024-06-13 14:00:00,-27.23815118177299,219823,7638.0
2024-06-13 15:00:00,-519.4761370414817,273722,7659.0
2024-06-13 16:00:00,-404.7974944540365,318396,7574.0
2024-06-13 17:00:00,377.7453082627799,397886,9018.0
2024-06-13 18:00:00,-170.82362957823534,296980,9645.0
2024-06-13 19:00:00,-982.0961615263641,193815,7536.0
2024-06-13 20:00:00,344.5889175653265,150166,7197.0
2024-06-13 21:00:00,423.6588323253727,129837,8657.0
2024-06-13 22:00:00,-184.17440146560693,98997,8503.0
2024-06-13 23:00:00,-578.8290768466613,59610,6282.0
2024-06-14 00:00:00,50.830467899574614,29354,3995.0
2024-06-14 01:00:00,-202.62045781896677,11693,2009.0
2024-06-14 02:00:00,89.87992496111553,6962,1030.0
2024-06-14 03:00:00,133.44613399177842,6998,630.0
2024-06-14 04:00:00,51.65072886455124,18162,552.0
2024-06-14 05:00:00,35.1767805562132,64998,794.0
2024-06-14 06:00:00,-117.49113745658929,134916,1719.0
2024-06-14 07:00:00,-109.13879163687625,233837,3371.0
2024-06-14 08:00:00,-342.46953780909644,266258,4474.0
2024-06-14 09:00:00,-191.9854778689405,187834,4889.0
2024-06-14 10:00:00,48.0541974551752,151867,5448.0
2024-06-14 11:00:00,-267.9967759965466,155391,5871.0
2024-06-14 12:00:00,-230.17507855361873,170253,6302.0
2024-06-14 13:00:00,194.65397576124997,187126,6890.0
2024-06-14 14:00:00,-260.1200228744592,223418,7350.0
2024-06-14 15:00:00,-143.0138314644255,266872,7550.0
2024-06-14 16:00:00,-406.80926534969785,294578,7372.0
2024-06-14 17:00:00,-421.8661084693722,313650,7856.0
2024-06-14 18:00:00,2465.050014453107,258824,11023.0
2024-06-14 19:00:00,153.98368939044667,170607,10179.0
2024-06-14 20:00:00,-2701.3435755529244,127637,5854.0
2024-06-14 21:00:00,-332.40018567696643,105825,5310.0
2024-06-14 22:00:00,804.3901340813109,99769,6523.0
2024-06-14 23:00:00,135.75069166239064,67323,6463.0
2024-06-15 00:00:00,370.8741268768854,37341,5816.0
2024-06-15 01:00:00,37.35758384323435,17645,4639.0
2024-06-15 02:00:00,-159.19853350458334,10246,3314.0
2024-06-15 03:00:00,-405.09258238593293,7797,1852.0
2024-06-15 04:00:00,-122.53730603662325,11393,1034.0
2024-06-15 05:00:00,-290.7917715943066,24676,529.0
2024-06-15 06:00:00,-306.99902382914,49316,972.0
2024-06-15 07:00:00,-1107.1204421977477,70217,1342.0
2024-06-15 08:00:00,-76.22193843731566,88657,2461.0
2024-06-15 09:00:00,173.4464036169279,110653,3605.0
2024-06-15 10:00:00,-274.3750441966722,125994,4407.0
2024-06-15 11:00:00,203.3915175090424,138598,5640.0
2024-06-15 12:00:00,-409.93305190674346,153728,6187.0
2024-06-15 13:00:00,-453.363266817958,166406,6244.0
2024-06-15 14:00:00,-575.2095211662299,175947,6292.0
2024-06-15 15:00:00,56.297222235631125,184558,6768.0
2024-06-15 16:00:00,-567.2600588336145,186050,6742.0
2024-06-15 17:00:00,-495.9477990931837,179932,7259.0
2024-06-15 18:00:00,-418.29282191195125,167869,7844.0
2024-06-15 19:00:00,-594.2679622330261,145079,6917.0
2024-06-15 20:00:00,-740.9290915001848,116957,5455.0
2024-06-15 21:00:00,356.10571684396473,107040,6138.0
2024-06-15 22:00:00,612.8250641731602,98138,7079.0
2024-06-15 23:00:00,105.89964226244683,72058,6699.0
2024-06-16 00:00:00,765.0378667313817,39248,6240.0
2024-06-16 01:00:00,-307.3890548143145,19496,4766.0
2024-06-16 02:00:00,-241.61222252164544,11518,3309.0
2024-06-16 03:00:00,99.85077409666974,8467,2312.0
2024-06-16 04:00:00,-113.34459520133146,9916,1377.0
2024-06-16 05:00:00,-213.05515499738954,17117,583.0
2024-06-16 06:00:00,-27.28962094072972,31430,911.0
2024-06-16 07:00:00,-376.17329309547495,47631,1512.0
2024-06-16 08:00:00,-221.160838341812,63584,1978.0
2024-06-16 09:00:00,574.4766285505511,83826,3097.0
2024-06-16 10:00:00,612.272961668717,100648,4550.0
2024-06-16 11:00:00,-158.53384414683387,114823,5198.0
2024-06-16 12:00:00,78.3379621736567,128348,5769.0
2024-06-16 13:00:00,299.7118327818589,136521,6264.0
2024-06-16 14:00:00,-253.51087127116625,141355,6321.0
2024-06-16 15:00:00,-347.09521629901246,144082,5869.0
2024-06-16 16:00:00,615.029014064402,147218,6443.0
2024-06-16 17:00:00,-541.8965433590411,145064,6551.0
2024-06-16 18:00:00,-621.7204854234687,130608,6083.0
2024-06-16 19:00:00,1278.027696592484,112518,6169.0
2024-06-16 20:00:00,96.07290179211304,91887,5627.0
2024-06-16 21:00:00,-494.550777370755,80215,5266.0
2024-06-16 22:00:00,-29.454316021316117,62163,4740.0
2024-06-16 23:00:00,559.2150175074053,43274,4060.0
2024-06-17 00:00:00,-834.5040501302042,21134,2118.0
2024-06-17 01:00:00,-229.91271600743767,8050,1021.0
2024-06-17 02:00:00,-112.39214240907472,5223,606.0
2024-06-17 03:00:00,-162.1063414962009,6039,374.0
2024-06-17 04:00:00,89.39833828048478,17333,544.0
2024-06-17 05:00:00,128.51618653897413,63950,912.0
2024-06-17 06:00:00,-7.595473040753177,130381,1867.0
2024-06-17 07:00:00,-382.5979918305288,226978,2957.0
2024-06-17 08:00:00,739.1348571834983,307537,4733.0
2024-06-17 09:00:00,-274.27621449370054,200789,4803.0
2024-06-17 10:00:00,-255.29876153161058,142313,4753.0
2024-06-17 11:00:00,214.1393314620027,134860,5369.0
2024-06-17 12:00:00,-306.2455244524235,142983,5597.0
2024-06-17 13:00:00,38.19104938767396,158489,5886.0
2024-06-17 14:00:00,360.7151267468553,181078,6772.0
2024-06-17 15:00:00,-357.4876134831338,226692,6499.0
2024-06-17 16:00:00,-202.43845411671555,275662,6264.0
2024-06-17 17:00:00,-48.75929210267168,347284,6878.0
2024-06-17 18:00:00,261.73513924068175,260340,7388.0
2024-06-17 19:00:00,-646.3572771040645,167683,5697.0
2024-06-17 20:00:00,444.98896856741976,125341,5523.0
2024-06-17 21:00:00,9.751073262978025,96225,6084.0
2024-06-17 22:00:00,-848.1818417299337,70739,4786.0
2024-06-17 23:00:00,-70.01873016559557,45358,3046.0
2024-06-18 00:00:00,50.176339870142556,21829,1605.0
2024-06-18 01:00:00,-107.35256577357586,8052,618.0
2024-06-18 02:00:00,12.318272958751322,4964,298.0
2024-06-18 03:00:00,-38.520538030840385,6261,209.0
2024-06-18 04:00:00,-92.5055841413216,18239,300.0
2024-06-18 05:00:00,-77.01043530320862,68263,675.0
2024-06-18 06:00:00,-132.02537313599055,148039,1788.0
2024-06-18 07:00:00,43.473920429412374,278868,3713.0
2024-06-18 08:00:00,70.94312729617559,381367,5348.0
2024-06-18 09:00:00,-369.79153015941847,243550,5501.0
2024-06-18 10:00:00,-21.504681134420025,163004,5692.0
2024-06-18 11:00:00,-181.90422404864785,156425,5939.0
2024-06-18 12:00:00,-28.927973088378167,165021,6384.0
2024-06-18 13:00:00,192.88622835588285,174757,6866.0
2024-06-18 14:00:00,-102.7749706880877,207354,7360.0
2024-06-18 15:00:00,-184.28578661901975,259052,7379.0
2024-06-18 16:00:00,322.31300714422287,317220,7724.0
2024-06-18 17:00:00,-44.84682748638443,406084,8386.0
2024-06-18 18:00:00,360.9676751001207,306497,9142.0
2024-06-18 19:00:00,-199.2727342448734,194202,7648.0
2024-06-18 20:00:00,699.4752225321645,146154,7433.0
2024-06-18 21:00:00,148.93940829808616,127015,8081.0
2024-06-18 22:00:00,334.05513648543274,100929,7777.0
2024-06-18 23:00:00,579.7068744067901,56712,6151.0
2024-06-19 00:00:00,-329.6703905334898,28681,3285.0
2024-06-19 01:00:00,363.0971208915405,10850,1708.0
2024-06-19 02:00:00,77.3013492850946,6396,835.0
2024-06-19 03:00:00,104.89140091677501,6265,485.0
2024-06-19 04:00:00,66.06015201522911,15930,481.0
2024-06-19 05:00:00,-127.33062342199332,56256,617.0
2024-06-19 06:00:00,-566.0368361179405,100975,1176.0
2024-06-19 07:00:00,-1236.684355808155,140488,1922.0
2024-06-19 08:00:00,-635.4336118701808,175936,3071.0
2024-06-19 09:00:00,-6.722804836387695,156337,4238.0
2024-06-19 10:00:00,-93.19250185432247,149601,5160.0
2024-06-19 11:00:00,-88.0916739533277,157220,5912.0
2024-06-19 12:00:00,215.0268255165456,167038,6811.0
2024-06-19 13:00:00,-285.79108939832895,181560,6920.0
2024-06-19 14:00:00,-132.45330159542573,199583,7208.0
2024-06-19 15:00:00,-167.89124264881139,231188,7151.0
2024-06-19 16:00:00,-262.20526779464944,249907,7065.0
2024-06-19 17:00:00,-1238.051718649067,270066,6772.0
2024-06-19 18:00:00,-579.5401423048816,222073,6908.0
2024-06-19 19:00:00,-634.2992534867453,158466,5729.0
2024-06-19 20:00:00,-931.1196239083401,127229,4869.0
2024-06-19 21:00:00,-476.2053005063135,115090,5865.0
2024-06-19 22:00:00,-1188.5462788829518,95744,5464.0
2024-06-19 23:00:00,-1218.0359690293872,54764,3426.0
2024-06-20 00:00:00,-173.1304247947346,24552,1855.0
2024-06-20 01:00:00,-227.6191820388592,9198,787.0
2024-06-20 02:00:00,28.24804020145848,5588,470.0
2024-06-20 03:00:00,-95.64688978402557,6514,291.0
2024-06-20 04:00:00,-51.71269527376904,18360,355.0
2024-06-20 05:00:00,-26.642788676149166,67495,692.0
2024-06-20 06:00:00,-54.134805304543306,143042,1742.0
2024-06-20 07:00:00,239.68857447630717,266181,3656.0
2024-06-20 08:00:00,430.40305108587927,361343,5435.0
2024-06-20 09:00:00,-370.5228665538434,234657,5531.0
2024-06-20 10:00:00,209.52368599358488,162097,5931.0
2024-06-20 11:00:00,-272.17816442443655,156760,6153.0
2024-06-20 12:00:00,-201.9049980626096,164022,6555.0
2024-06-20 13:00:00,83.75287465067049,177745,7003.0
2024-06-20 14:00:00,-35.43382344307429,212845,7602.0
2024-06-20 15:00:00,-360.8520663234376,260220,7424.0
2024-06-20 16:00:00,791.9759235108413,307348,8250.0
2024-06-20 17:00:00,215.57932867218005,387285,9236.0
2024-06-20 18:00:00,-182.53151826535213,301320,9275.0
2024-06-20 19:00:00,14.209557469886931,202124,7694.0
2024-06-20 20:00:00,286.83228307261743,149503,6974.0
2024-06-20 21:00:00,-75.45826995539574,124534,7480.0
2024-06-20 22:00:00,507.6465632121817,96587,7868.0
2024-06-20 23:00:00,-39.052344765837915,58720,6248.0
2024-06-21 00:00:00,-464.24772531827557,31640,3584.0
2024-06-21 01:00:00,-179.47142492317198,11507,1607.0
2024-06-21 02:00:00,263.7224134845702,6894,902.0
2024-06-21 03:00:00,68.922074975481,7060,547.0
2024-06-21 04:00:00,2.5166439379888743,18064,443.0
2024-06-21 05:00:00,143.24083747428824,63764,788.0
2024-06-21 06:00:00,-169.2877496445294,131844,1651.0
2024-06-21 07:00:00,-538.9314158200373,223517,2784.0
2024-06-21 08:00:00,390.0776239006109,258668,4513.0
2024-06-21 09:00:00,-300.20004857160166,184728,4869.0
2024-06-21 10:00:00,-275.75138540096214,150233,5060.0
2024-06-21 11:00:00,243.18776279480608,153425,5877.0
2024-06-21 12:00:00,98.25281409270883,164836,6617.0
2024-06-21 13:00:00,-309.9764184447149,182901,6663.0
2024-06-21 14:00:00,736.0907544865177,218783,7921.0
2024-06-21 15:00:00,85.7937939176145,256966,8195.0
2024-06-21 16:00:00,-502.19410570855507,280664,7609.0
2024-06-21 17:00:00,122.69447530034813,310591,8272.0
2024-06-21 18:00:00,338.9396729699765,245394,9519.0
2024-06-21 19:00:00,-1456.0449138560252,181402,7401.0
2024-06-21 20:00:00,-557.3261274779206,139498,5676.0
2024-06-21 21:00:00,326.23438654086294,125700,6180.0
2024-06-21 22:00:00,98.90453203560446,113282,6421.0
2024-06-21 23:00:00,548.4483938889653,74546,6121.0
2024-06-22 00:00:00,1594.6971148458424,46327,6544.0
2024-06-22 01:00:00,-188.22982271128149,21660,5113.0
2024-06-22 02:00:00,34.18952096557541,12274,3657.0
2024-06-22 03:00:00,-304.7045212693356,8912,2043.0
2024-06-22 04:00:00,32.72138097474499,11391,1197.0
2024-06-22 05:00:00,-417.16775039079914,24151,479.0
2024-06-22 06:00:00,-267.9344719067435,46195,891.0
2024-06-22 07:00:00,-745.2126086998578,69952,1465.0
2024-06-22 08:00:00,-433.2564531184735,87500,2173.0
2024-06-22 09:00:00,497.97716246687696,106772,3509.0
2024-06-22 10:00:00,273.9720483089968,121976,4728.0
2024-06-22 11:00:00,-266.4640496302691,139396,5405.0
2024-06-22 12:00:00,105.43813421089362,152514,6277.0
2024-06-22 13:00:00,970.3744163320644,163968,7615.0
2024-06-22 14:00:00,-926.2762391701372,168530,7137.0
2024-06-22 15:00:00,-581.2955273448679,174205,6448.0
2024-06-22 16:00:00,549.3597706224336,176842,7038.0
2024-06-22 17:00:00,-1131.1162322517612,176087,6789.0
2024-06-22 18:00:00,-557.3265719093924,161756,6811.0
2024-06-22 19:00:00,581.4211523139265,137747,6643.0
2024-06-22 20:00:00,489.9469999136536,123604,6604.0
2024-06-22 21:00:00,-1152.8961043195877,102903,5845.0
2024-06-22 22:00:00,705.2245439975022,97622,6370.0
2024-06-22 23:00:00,1383.299846356861,67488,7059.0
2024-06-23 00:00:00,-324.5952246113611,39388,5791.0
2024-06-23 01:00:00,234.92546514760943,18998,4782.0
2024-06-23 02:00:00,-351.6017699403137,11524,3322.0
2024-06-23 03:00:00,47.291810253180756,8944,2247.0
2024-06-23 04:00:00,-143.98807425670202,10120,1279.0
2024-06-23 05:00:00,-43.643105485917886,17631,643.0
2024-06-23 06:00:00,-116.10583159303542,33761,872.0
2024-06-23 07:00:00,-491.3956244099827,50662,1322.0
2024-06-23 08:00:00,443.7829661040362,66040,2339.0
2024-06-23 09:00:00,698.5817391568698,86510,3450.0
2024-06-23 10:00:00,118.54124836083975,102404,4253.0
2024-06-23 11:00:00,488.29872978978256,118756,5379.0
2024-06-23 12:00:00,441.8354967288642,130541,6413.0
2024-06-23 13:00:00,-177.12352793691116,138437,6529.0
2024-06-23 14:00:00,204.9594013947626,141650,6891.0
2024-06-23 15:00:00,430.809791478232,149442,6969.0
2024-06-23 16:00:00,-621.6026767666044,150470,6118.0
2024-06-23 17:00:00,39.752731290810516,145039,6398.0
2024-06-23 18:00:00,152.33861815773525,129414,6556.0
2024-06-23 19:00:00,-86.34586865440542,108062,5414.0
2024-06-23 20:00:00,-372.5975977984108,87749,4584.0
2024-06-23 21:00:00,-318.52688170435977,78178,4702.0
2024-06-23 22:00:00,-848.1202825939126,61777,3680.0
2024-06-23 23:00:00,-226.48979727503092,38711,2619.0
2024-06-24 00:00:00,178.53559735115164,18737,2114.0
2024-06-24 01:00:00,-476.2056589206786,8209,1284.0
2024-06-24 02:00:00,-127.06220722787975,5401,898.0
2024-06-24 03:00:00,-310.84710874216216,6214,433.0
2024-06-24 04:00:00,60.75398109164115,17988,484.0
2024-06-24 05:00:00,46.318730050068325,65494,761.0
2024-06-24 06:00:00,375.9830762043407,139736,2058.0
2024-06-24 07:00:00,483.2726622127507,254422,3819.0
2024-06-24 08:00:00,648.9107372974531,329658,5292.0
2024-06-24 09:00:00,229.91125483319502,207801,5540.0
2024-06-24 10:00:00,-13.903053316485057,145631,5370.0
2024-06-24 11:00:00,39.59444801939753,141784,5555.0
2024-06-24 12:00:00,-229.70855292017404,148527,5711.0
2024-06-24 13:00:00,189.81778295040567,161285,6117.0
2024-06-24 14:00:00,-288.4574521333898,192812,6428.0
2024-06-24 15:00:00,-82.65262343165978,238489,6477.0
2024-06-24 16:00:00,429.4903674514944,287157,6846.0
2024-06-24 17:00:00,432.7942374585373,361743,7814.0
2024-06-24 18:00:00,390.1979478792873,267835,8311.0
2024-06-24 19:00:00,231.7361315390799,172134,6906.0
2024-06-24 20:00:00,513.3572318286997,125027,6260.0
2024-06-24 21:00:00,-66.43952044819343,94718,6286.0
2024-06-24 22:00:00,-279.07828370369407,69603,5098.0
2024-06-24 23:00:00,932.6290023856714,46012,4077.0
2024-06-25 00:00:00,-365.54364101987267,23213,2134.0
2024-06-25 01:00:00,-229.86809307553312,8608,740.0
2024-06-25 02:00:00,122.23719308516775,5539,403.0
2024-06-25 03:00:00,-102.37686689950317,6632,219.0
2024-06-25 04:00:00,24.092529843178454,18651,391.0
2024-06-25 05:00:00,58.08250819787031,67943,861.0
2024-06-25 06:00:00,-71.99327482203807,146077,2009.0
2024-06-25 07:00:00,153.59736412108168,273546,4007.0
2024-06-25 08:00:00,450.24898817621124,380201,5914.0
2024-06-25 09:00:00,-335.0907019482311,243960,6051.0
2024-06-25 10:00:00,-294.76080782537247,159387,5852.0
2024-06-25 11:00:00,150.25231279179025,148924,6248.0
2024-06-25 12:00:00,189.4633881032405,155235,6858.0
2024-06-25 13:00:00,-35.58995373826747,170410,7065.0
2024-06-25 14:00:00,305.6651950447231,201980,7784.0
2024-06-25 15:00:00,-265.58781430213367,249194,7562.0
2024-06-25 16:00:00,338.98404334337647,307619,7899.0
2024-06-25 17:00:00,438.48510657159204,409238,9109.0
2024-06-25 18:00:00,-92.80423090586555,304676,9449.0
2024-06-25 19:00:00,-180.43934203823483,188292,7895.0
2024-06-25 20:00:00,376.9785934031788,142958,7444.0
2024-06-25 21:00:00,410.54201141583235,117756,8322.0
2024-06-25 22:00:00,-710.9985141382513,89399,7156.0
2024-06-25 23:00:00,14.846149036525276,52752,5437.0
2024-06-26 00:00:00,-756.6668982931255,28637,2693.0
2024-06-26 01:00:00,-171.11101397572247,10400,1008.0
2024-06-26 02:00:00,99.55878009024593,5932,454.0
2024-06-26 03:00:00,52.475219095937405,6758,312.0
2024-06-26 04:00:00,-71.48530364709018,18584,337.0
2024-06-26 05:00:00,158.87427773183435,67418,827.0
2024-06-26 06:00:00,130.96193926534897,144716,2017.0
2024-06-26 07:00:00,590.4856749469186,273168,4087.0
2024-06-26 08:00:00,828.0910436930153,385911,5952.0
2024-06-26 09:00:00,-148.06267842604757,252520,6016.0
2024-06-26 10:00:00,-187.45648504126802,167284,5816.0
2024-06-26 11:00:00,78.67349946781178,153029,6177.0
2024-06-26 12:00:00,68.55836390613877,161664,6847.0
2024-06-26 13:00:00,-173.1365276805418,176801,7010.0
2024-06-26 14:00:00,61.96820330847004,204599,7573.0
2024-06-26 15:00:00,387.4766754210623,248026,8063.0
2024-06-26 16:00:00,37.89811166889467,310067,8093.0
2024-06-26 17:00:00,678.3066802404646,408940,9178.0
2024-06-26 18:00:00,671.6357302938341,306886,9878.0
2024-06-26 19:00:00,410.1507876776104,194113,8577.0
2024-06-26 20:00:00,2880.063702171379,161517,10073.0
2024-06-26 21:00:00,-1480.262974431098,114410,8527.0
2024-06-26 22:00:00,550.4747087434207,84756,7568.0
2024-06-26 23:00:00,394.776689717346,56137,5742.0
2024-06-27 00:00:00,15.183657850308919,25431,3461.0
2024-06-27 01:00:00,-2.453712407215562,9445,1713.0
2024-06-27 02:00:00,99.62313448228588,5557,868.0
2024-06-27 03:00:00,95.7677453055893,6814,546.0
2024-06-27 04:00:00,-7.514344868864043,17991,502.0
2024-06-27 05:00:00,47.47071257598873,65240,846.0
2024-06-27 06:00:00,-82.92798044333927,134812,1913.0
2024-06-27 07:00:00,78.28239997985656,237379,3843.0
2024-06-27 08:00:00,-36.099066961553035,345613,5374.0
2024-06-27 09:00:00,-261.4153673134497,239649,5696.0
2024-06-27 10:00:00,-394.3474139840346,162776,5653.0
2024-06-27 11:00:00,-285.04227321970393,149803,5824.0
2024-06-27 12:00:00,-5.541258928236857,157372,6465.0
2024-06-27 13:00:00,-216.70647643886878,171090,6748.0
2024-06-27 14:00:00,-156.31939547781258,197774,7301.0
2024-06-27 15:00:00,-130.09642523275215,247044,7510.0
2024-06-27 16:00:00,-201.63322398940363,306475,7687.0
2024-06-27 17:00:00,-525.8138191783746,394767,8264.0
2024-06-27 18:00:00,172.97787498196521,302034,9161.0
2024-06-27 19:00:00,-378.6230571564556,199912,7869.0
2024-06-27 20:00:00,163.1905614360967,153487,7652.0
2024-06-27 21:00:00,-464.9384489846434,125887,7793.0
2024-06-27 22:00:00,418.3866607301934,99075,8011.0
2024-06-27 23:00:00,164.99899978289432,61819,6773.0
2024-06-28 00:00:00,-296.54336631145543,32673,4333.0
2024-06-28 01:00:00,-171.9316433566105,12833,2213.0
2024-06-28 02:00:00,205.01857698054323,7722,1223.0
2024-06-28 03:00:00,184.1284148599941,7424,802.0
2024-06-28 04:00:00,149.58540038282945,18254,735.0
2024-06-28 05:00:00,56.960168003755825,63312,923.0
2024-06-28 06:00:00,18.733793454140823,124141,1888.0
2024-06-28 07:00:00,-673.8074124181867,195482,2747.0
2024-06-28 08:00:00,-229.88422541295222,242200,3785.0
2024-06-28 09:00:00,-194.67487038220952,183865,4301.0
2024-06-28 10:00:00,-231.3414771716807,147775,4671.0
2024-06-28 11:00:00,-383.0728694815434,148539,5010.0
2024-06-28 12:00:00,-252.42125849248077,161166,5599.0
2024-06-28 13:00:00,-195.11190290968443,182578,5987.0
2024-06-28 14:00:00,-557.5465655107992,211047,6359.0
2024-06-28 15:00:00,-249.74410748968148,256955,6695.0
2024-06-28 16:00:00,-358.94003507342677,293755,6760.0
2024-06-28 17:00:00,-322.12588207487806,320708,7427.0
2024-06-28 18:00:00,-341.50632951626903,261105,7982.0
2024-06-28 19:00:00,-348.5826428312985,195276,6776.0
2024-06-28 20:00:00,-490.8386800789476,153270,5659.0
2024-06-28 21:00:00,-188.0903604620271,135611,6045.0
2024-06-28 22:00:00,725.6625807623959,119875,6921.0
2024-06-28 23:00:00,1054.3179068634809,83869,7149.0
2024-06-29 00:00:00,321.5256214421306,46486,6340.0
2024-06-29 01:00:00,226.78991430475162,22634,5183.0
2024-06-29 02:00:00,111.35766025958674,14423,3969.0
2024-06-29 03:00:00,152.165745092012,10171,2847.0
2024-06-29 04:00:00,-372.70925304450657,12847,1538.0
2024-06-29 05:00:00,-395.3242991419113,24474,591.0
2024-06-29 06:00:00,-322.4417206188409,47056,854.0
2024-06-29 07:00:00,-884.3489450879906,69870,1275.0
2024-06-29 08:00:00,-443.7782381431398,82520,1846.0
2024-06-29 09:00:00,191.30885301066246,102956,2857.0
2024-06-29 10:00:00,-9.220226009365433,118996,3930.0
2024-06-29 11:00:00,-358.0082536614791,134852,4592.0
2024-06-29 12:00:00,-459.77775476397983,149473,5064.0
2024-06-29 13:00:00,-434.18570066739267,163106,5469.0
2024-06-29 14:00:00,-800.4181081298875,176884,5535.0
2024-06-29 15:00:00,-168.11590694314782,185329,5727.0
2024-06-29 16:00:00,-135.10146815828466,190722,6100.0
2024-06-29 17:00:00,-634.6203677759668,184431,6408.0
2024-06-29 18:00:00,-239.75434140695415,172399,6661.0
2024-06-29 19:00:00,202.00265494518044,154556,6106.0
2024-06-29 20:00:00,-900.1680874714502,122887,4960.0
2024-06-29 21:00:00,1268.5924894038626,116128,6774.0
2024-06-29 22:00:00,1196.487262604448,98539,8184.0
2024-06-29 23:00:00,-518.0979867646229,67579,6817.0
2024-06-30 00:00:00,1607.2206335735154,42120,6825.0
2024-06-30 01:00:00,-292.7201540010101,23098,5336.0
2024-06-30 02:00:00,-244.59407442982774,13822,3688.0
2024-06-30 03:00:00,167.2200926963087,10089,2637.0
2024-06-30 04:00:00,-98.23138923939882,10986,1612.0
2024-06-30 05:00:00,-216.66389935415464,17137,697.0
2024-06-30 06:00:00,-75.46830372804561,31275,851.0
2024-06-30 07:00:00,-549.9465911972075,44916,1167.0
2024-06-30 08:00:00,-97.07550579899294,61647,1684.0
2024-06-30 09:00:00,497.0500716428073,83983,2652.0
2024-06-30 10:00:00,107.4406797511324,108244,3518.0
2024-06-30 11:00:00,-32.70837591304917,133079,4328.0
2024-06-30 12:00:00,-219.80847302808252,147198,4937.0
2024-06-30 13:00:00,-563.4131704318179,152485,4828.0
2024-06-30 14:00:00,-337.628767973878,159206,5072.0
2024-06-30 15:00:00,236.3582039733392,167097,5663.0
2024-06-30 16:00:00,303.9805561447365,167879,6163.0
2024-06-30 17:00:00,-426.0498548962969,154161,6298.0
2024-06-30 18:00:00,-1393.5764697799614,126429,4972.0
2024-06-30 19:00:00,92.5930039917198,103137,3887.0
2024-06-30 20:00:00,334.87668201641327,82696,3902.0
2024-06-30 21:00:00,-604.1684874542334,74631,4232.0
2024-06-30 22:00:00,-597.2049614653706,61185,3707.0
2024-06-30 23:00:00,164.42702377244996,41241,2874.0
